/Users/tneibarger/.rvm/scripts/rvm: line 29: /bin/ps: Operation not permitted
/Users/tneibarger/.rvm/scripts/rvm: line 29: /bin/ps: Operation not permitted
[2025-09-02T04:02:26.056Z] ℹ️ Hybrid storage initialized: local + S3
[2025-09-02T04:02:26.057Z] ⚠️ Using fallback password for development only
[2025-09-02T04:02:26.057Z] ⚠️ ⚠️  Database password generated automatically. Please set proper credentials in environment variables.
[2025-09-02T04:02:26.057Z] ⚠️ Using fallback password for development only
[2025-09-02T04:02:26.057Z] ⚠️ ⚠️  Database password generated automatically. Please set proper credentials in environment variables.
[2025-09-02T04:02:26.057Z] ⚠️ Using fallback password for development only
[dotenv@17.2.1] injecting env (0) from .env -- tip: ⚙️  override existing env vars with { override: true }
[2025-09-02T04:02:26.423Z] ℹ️ Initializing Nova AI Fabric...
[2025-09-02T04:02:26.423Z] ℹ️ Initializing External AI Providers...
[2025-09-02T04:02:26.424Z] ℹ️ Initializing Internal AI Providers...
[2025-09-02T04:02:26.424Z] ℹ️ Initializing Nova RAG Engine...
[2025-09-02T04:02:26.424Z] ℹ️ Initializing MCP Providers...
[2025-09-02T04:02:26.424Z] ℹ️ Initializing RAG Engine...
[2025-09-02T04:02:26.424Z] ℹ️ Initializing Custom Model Manager...
[2025-09-02T04:02:26.424Z] ℹ️ Initializing AI Monitoring System...
[2025-09-02T04:02:26.424Z] ℹ️ Initializing AI Compliance Engine...
[2025-09-02T04:02:26.424Z] ℹ️ Initializing AI Learning Engine...
[2025-09-02T04:02:26.424Z] ℹ️ Initializing AI Security Guard...
[2025-09-02T04:02:26.424Z] ℹ️ Initializing AI Governance Framework...
[2025-09-02T04:02:26.424Z] ℹ️ Initializing AI Risk Manager...
[2025-09-02T04:02:26.424Z] ℹ️ Initializing RAG Engine...
[2025-09-02T04:02:26.424Z] ℹ️ RAG Engine initialized successfully
[2025-09-02T04:02:26.424Z] ℹ️ Initializing AI Monitoring System...
[2025-09-02T04:02:26.424Z] ℹ️ AI Monitoring System initialized successfully
[2025-09-02T04:02:26.424Z] ℹ️ Initializing Nova MCP Server with OAuth 2.1 compliance...
[2025-09-02T04:02:26.424Z] ℹ️ Initializing OAuth 2.1 server components...
[2025-09-02T04:02:26.424Z] ℹ️ OAuth 2.1 server components initialized
[2025-09-02T04:02:26.479Z] ℹ️ Space Analytics initializing...
[2025-09-02T04:02:26.479Z] 🐛 Setting up analytics engine
[2025-09-02T04:02:26.600Z] ℹ️ Loaded email template: auto-reply-received-subject
[2025-09-02T04:02:26.600Z] ℹ️ Loaded email template: auto-reply-received
[2025-09-02T04:02:26.600Z] ℹ️ Loaded email template: password-reset-subject
[2025-09-02T04:02:26.600Z] ℹ️ Loaded email template: password-reset
[2025-09-02T04:02:26.600Z] ℹ️ Loaded email template: ticket-assigned-agent-subject
[2025-09-02T04:02:26.600Z] ℹ️ Loaded email template: ticket-assigned-agent
[2025-09-02T04:02:26.600Z] ℹ️ Loaded email template: ticket-created-customer-subject
[2025-09-02T04:02:26.601Z] ℹ️ Loaded email template: ticket-created-customer
[2025-09-02T04:02:26.601Z] ℹ️ Loaded email template: ticket-escalated-agent-subject
[2025-09-02T04:02:26.601Z] ℹ️ Loaded email template: ticket-escalated-agent
[2025-09-02T04:02:26.601Z] ℹ️ Loaded email template: ticket-resolved-customer-subject
[2025-09-02T04:02:26.601Z] ℹ️ Loaded email template: ticket-resolved-customer
[2025-09-02T04:02:26.601Z] ℹ️ Loaded email template: ticket-updated-customer-subject
[2025-09-02T04:02:26.602Z] ℹ️ Loaded email template: ticket-updated-customer
[2025-09-02T04:02:26.602Z] ℹ️ Loaded email template: welcome-new-user-subject
[2025-09-02T04:02:26.602Z] ℹ️ Loaded email template: welcome-new-user
[2025-09-02T04:02:26.602Z] ℹ️ Loaded 16 email templates
[2025-09-02T04:02:27.145Z] ℹ️ Nova MCP Server initialized successfully with OAuth 2.1 compliance
[2025-09-02T04:02:27.146Z] ℹ️ Space Analytics initialized successfully
[2025-09-02T04:02:27.146Z] ℹ️ Space Integrations initializing...
[2025-09-02T04:02:27.146Z] 🐛 Setting up space integrations
[2025-09-02T04:02:27.146Z] 🐛 Integration for zoom initialized
[2025-09-02T04:02:27.147Z] 🐛 Integration for teams initialized
[2025-09-02T04:02:27.147Z] 🐛 Integration for webex initialized
[2025-09-02T04:02:27.147Z] 🐛 Integration for google initialized
[2025-09-02T04:02:27.147Z] ℹ️ Nova RAG Engine initialized successfully
[2025-09-02T04:02:27.147Z] 🐛 Integration for slack initialized
[2025-09-02T04:02:27.147Z] ℹ️ Nova RAG Engine initialized successfully
[2025-09-02T04:02:27.147Z] ℹ️ Space Integrations initialized successfully
[2025-09-02T04:02:27.147Z] ℹ️ Initializing Nova ML Pipeline...
[2025-09-02T04:02:27.147Z] ℹ️ Booking Engine initializing...
[2025-09-02T04:02:27.148Z] 🐛 Setting up booking system
[2025-09-02T04:02:27.148Z] ℹ️ Booking Engine initialized successfully
[2025-09-02T04:02:27.148Z] ℹ️ Visitor Manager initializing...
[2025-09-02T04:02:27.148Z] 🐛 Setting up visitor management system
[2025-09-02T04:02:27.148Z] ℹ️ Nova ML Pipeline initialized successfully
[2025-09-02T04:02:27.148Z] ℹ️ Visitor Manager initialized successfully
[2025-09-02T04:02:27.148Z] ℹ️ Nova ML Pipeline initialized successfully
[2025-09-02T04:02:27.148Z] ℹ️ IoT Manager initializing...
[2025-09-02T04:02:27.148Z] 🐛 Setting up IoT system
[2025-09-02T04:02:27.148Z] ℹ️ Registered internal provider: nova-ai-general
[2025-09-02T04:02:28.442Z] ℹ️ IoT Manager initialized successfully
[2025-09-02T04:02:28.442Z] ℹ️ Registered internal provider: nova-ai-itsm
[2025-09-02T04:02:28.442Z] ℹ️ Nova Spaces Service initialized successfully
[2025-09-02T04:02:28.442Z] ℹ️ Registered internal provider: nova-ai-knowledge
[2025-09-02T04:02:28.450Z] ℹ️ Enhanced Nova Spaces Service ready
[2025-09-02T04:02:28.454Z] ℹ️ Registered internal provider: nova-local-classifier
[2025-09-02T04:02:28.454Z] ℹ️ Registered AI provider: nova-local-classifier
[2025-09-02T04:02:28.455Z] ℹ️ AI Fabric security framework initialized
[2025-09-02T04:02:28.459Z] ℹ️ Nova AI Fabric initialized successfully with enterprise compliance
[dotenv@17.2.1] injecting env (0) from .env -- tip: 📡 version env with Radar: https://dotenvx.com/radar
[dotenv@17.2.1] injecting env (0) from ../.env -- tip: 🔐 prevent committing .env to code: https://dotenvx.com/precommit
[dotenv@17.2.1] injecting env (0) from .env -- tip: 🔐 prevent building .env in docker: https://dotenvx.com/prebuild
[2025-09-02T04:02:29.199Z] ℹ️ 🔍 Validating production environment configuration...
[2025-09-02T04:02:29.199Z] ℹ️ ✅ Environment validation passed
[2025-09-02T04:02:29.201Z] ℹ️ WebSocket event listeners initialized
[2025-09-02T04:02:29.201Z] ℹ️ Uptime Kuma integration disabled (set UPTIME_KUMA_URL or ENABLE_UPTIME_KUMA=true to enable)
[2025-09-02T04:02:29.289Z] ℹ️ 📋 Loaded comprehensive OpenAPI v3 specification
[2025-09-02T04:02:29.403Z] ℹ️ 📋 Merged comprehensive OpenAPI specification with JSDoc spec
[2025-09-02T04:02:29.403Z] 🐛 📋 Swagger spec generated with paths: [
  '/api/ai-agent/chat',
  '/api/ai-agent/capabilities',
  '/api/ai-agent/channels',
  '/api/ai-agent/sessions',
  '/api/ai-agent/sessions/{sessionId}/close',
  '/api/ai-agent/feedback',
  '/api/ai-agent/analytics',
  '/api/ai-agent/analytics/summary',
  '/api/ai-agent/ab-tests',
  '/api/ai-agent/ab-tests/{experimentId}/start',
  '/api/ai-agent/bias-detection',
  '/api/ai-agent/performance',
  '/api/ai-agent/capabilities/{capabilityName}',
  '/api/ai-control-tower/towers',
  '/api/ai-control-tower/towers/{towerId}/metrics',
  '/api/ai-control-tower/models',
  '/api/ai-control-tower/datasets',
  '/api/ai-control-tower/training',
  '/api/ai-control-tower/rag',
  '/api/ai-control-tower/rag/{ragId}/documents',
  '/api/ai-control-tower/rag/{ragId}/query',
  '/api/ai-control-tower/audit/{towerId}',
  '/api/ai-fabric/status',
  '/api/ai-fabric/process',
  '/api/ai-fabric/rag/query',
  '/api/ai-fabric/rag/documents',
  '/api/ai-fabric/monitoring/metrics',
  '/api/ai-fabric/monitoring/bias',
  '/api/ai-fabric/monitoring/compliance',
  '/api/ai-fabric/monitoring/explain',
  '/api/ai-fabric/providers',
  '/api/ai-fabric/models',
  '/api/ai-fabric/models/{modelId}/control',
  '/api/ai-fabric/sessions',
  '/api/ai-fabric/metrics/dashboard',
  '/api/ai-fabric/providers/{providerId}/health',
  '/api/ai-fabric/learning/feedback',
  '/api/ai-fabric/initialize',
  '/api/v2/alerts/create',
  '/api/v2/alerts/escalate/{ticketId}',
  '/api/v2/alerts/status/{alertId}',
  '/api/v2/alerts/schedules',
  '/api/v2/alerts/schedules/{scheduleId}',
  '/api/v2/alerts/rotate/{scheduleId}',
  '/api/v2/alerts/services',
  '/api/v2/alerts/escalation-policies',
  '/api/v2/alerts/history',
  '/api/v2/alerts/health',
  '/api/analytics/dashboard',
  '/api/analytics/real-time',
  '/api/analytics/executive',
  '/api/v1/assets',
  '/api/v2/beacon/config',
  '/api/v2/beacon/ticket',
  '/api/v2/beacon/assets',
  '/api/v2/beacon/activate',
  '/api/v1/cmdb/cis',
  '/api/v1/cmdb/cis/{id}',
  '/api/v1/cmdb/ci-types',
  '/api/v1/cmdb/cis/{id}/relationships',
  '/api/v1/cmdb/relationships',
  '/api/v1/cmdb/discovery/run',
  '/api/v1/cmdb/discovery/runs',
  '/api/v1/cmdb/business-services',
  '/api/v1/cmdb/health',
  '/api/v1/cmdb/reports/impact-analysis',
  '/api/v1/comms/health',
  '/api/v1/comms/slack/status',
  '/api/v1/comms/slack/initialize',
  '/api/v1/comms/slack/test',
  '/api/v1/comms/slack/commands',
  '/api/v1/configuration',
  '/api/v1/configuration/public',
  '/api/v1/configuration/{key}',
  '/api/v1/configuration/bulk',
  '/api/v1/configuration/export',
  '/api/v1/configuration/import',
  '/api/v1/directory/config',
  '/api/v1/directory/search',
  '/api/v1/directory/user',
  '/api/enhanced-monitoring/monitors',
  '/api/enhanced-monitoring/monitors/{id}/check',
  '/api/enhanced-monitoring/notification-providers',
  '/api/enhanced-monitoring/tags',
  '/api/enhanced-monitoring/maintenance-windows',
  '/api/enhanced-monitoring/status-pages',
  '/api/v2/files/upload',
  '/api/v2/files/{id}',
  '/api/v2/files/{id}/metadata',
  '/api/v2/goalert/admin/sync-users',
  '/api/v2/goalert/admin/health',
  '/api/v2/goalert/services',
  '/api/v2/goalert/services/{id}',
  '/api/v2/goalert/escalation-policies',
  '/api/v2/goalert/schedules',
  '/api/v2/goalert/schedules/{id}/on-call',
  '/api/v2/goalert/schedules/{id}/assignments',
  '/api/v2/goalert/schedules/{id}/overrides',
  '/api/v2/goalert/users',
  '/api/v2/goalert/users/{id}/contact-methods',
  ... 218 more items
]
[2025-09-02T04:02:29.403Z] 🐛 📋 API version: 1.0.0
[2025-09-02T04:02:29.405Z] ℹ️ 🚀 Initializing database connections...
[2025-09-02T04:02:29.405Z] ℹ️ 🔧 Development mode detected - creating mock database
[2025-09-02T04:02:29.405Z] ⚠️ 🔧 Creating mock database for development mode.
[2025-09-02T04:02:29.405Z] ℹ️ ✅ Mock database initialization complete. Available: 
[2025-09-02T04:02:29.409Z] ⚠️ Could not ensure pgcrypto extension (ok if not needed): No primary database available
[2025-09-02T04:02:29.409Z] ❌ Error setting up schemas: Error: No primary database available
    at DatabaseFactory.getPrimaryDatabase (file:///Users/tneibarger/nova-universe/apps/api/database/factory.js:198:11)
    at DatabaseFactory.query (file:///Users/tneibarger/nova-universe/apps/api/database/factory.js:265:28)
    at setupSchemas (file:///Users/tneibarger/nova-universe/apps/api/db.js:73:14)
    at async initializeDatabase (file:///Users/tneibarger/nova-universe/apps/api/db.js:45:5)
    at async DatabaseWrapper.ensureReady (file:///Users/tneibarger/nova-universe/apps/api/db.js:676:19)
    at async ConfigurationManager.loadFromDatabase (file:///Users/tneibarger/nova-universe/apps/api/config/app-settings.js:193:7)
    at async ConfigurationManager.getFullConfig (file:///Users/tneibarger/nova-universe/apps/api/config/app-settings.js:168:24)
    at async ConfigurationManager.get (file:///Users/tneibarger/nova-universe/apps/api/config/app-settings.js:114:22)
    at async file:///Users/tneibarger/nova-universe/apps/api/index.js:2494:30
[2025-09-02T04:02:29.410Z] ⚠️ Could not ensure pgcrypto extension (ok if not needed): No primary database available
[2025-09-02T04:02:29.410Z] ❌ Failed to initialize database factory: Error: No primary database available
    at DatabaseFactory.getPrimaryDatabase (file:///Users/tneibarger/nova-universe/apps/api/database/factory.js:198:11)
    at DatabaseFactory.query (file:///Users/tneibarger/nova-universe/apps/api/database/factory.js:265:28)
    at setupSchemas (file:///Users/tneibarger/nova-universe/apps/api/db.js:73:14)
    at async initializeDatabase (file:///Users/tneibarger/nova-universe/apps/api/db.js:45:5)
    at async DatabaseWrapper.ensureReady (file:///Users/tneibarger/nova-universe/apps/api/db.js:676:19)
    at async ConfigurationManager.loadFromDatabase (file:///Users/tneibarger/nova-universe/apps/api/config/app-settings.js:193:7)
    at async ConfigurationManager.getFullConfig (file:///Users/tneibarger/nova-universe/apps/api/config/app-settings.js:168:24)
    at async ConfigurationManager.get (file:///Users/tneibarger/nova-universe/apps/api/config/app-settings.js:114:22)
    at async file:///Users/tneibarger/nova-universe/apps/api/index.js:2494:30
[2025-09-02T04:02:29.410Z] ❌ Error setting up schemas: Error: No primary database available
    at DatabaseFactory.getPrimaryDatabase (file:///Users/tneibarger/nova-universe/apps/api/database/factory.js:198:11)
    at DatabaseFactory.query (file:///Users/tneibarger/nova-universe/apps/api/database/factory.js:265:28)
    at setupSchemas (file:///Users/tneibarger/nova-universe/apps/api/db.js:73:14)
    at async initializeDatabase (file:///Users/tneibarger/nova-universe/apps/api/db.js:45:5)
    at async DatabaseWrapper.ensureReady (file:///Users/tneibarger/nova-universe/apps/api/db.js:676:19)
    at async DatabaseWrapper.purgeOldLogs (file:///Users/tneibarger/nova-universe/apps/api/db.js:734:24)
[2025-09-02T04:02:29.410Z] ❌ Failed to initialize database factory: Error: No primary database available
    at DatabaseFactory.getPrimaryDatabase (file:///Users/tneibarger/nova-universe/apps/api/database/factory.js:198:11)
    at DatabaseFactory.query (file:///Users/tneibarger/nova-universe/apps/api/database/factory.js:265:28)
    at setupSchemas (file:///Users/tneibarger/nova-universe/apps/api/db.js:73:14)
    at async initializeDatabase (file:///Users/tneibarger/nova-universe/apps/api/db.js:45:5)
    at async DatabaseWrapper.ensureReady (file:///Users/tneibarger/nova-universe/apps/api/db.js:676:19)
    at async DatabaseWrapper.purgeOldLogs (file:///Users/tneibarger/nova-universe/apps/api/db.js:734:24)
[2025-09-02T04:02:29.410Z] ⚠️ Could not ensure pgcrypto extension (ok if not needed): No primary database available
[2025-09-02T04:02:29.410Z] ❌ Failed to purge old logs: DB unavailable
[2025-09-02T04:02:29.410Z] ❌ Error setting up schemas: Error: No primary database available
    at DatabaseFactory.getPrimaryDatabase (file:///Users/tneibarger/nova-universe/apps/api/database/factory.js:198:11)
    at DatabaseFactory.query (file:///Users/tneibarger/nova-universe/apps/api/database/factory.js:265:28)
    at setupSchemas (file:///Users/tneibarger/nova-universe/apps/api/db.js:73:14)
    at async initializeDatabase (file:///Users/tneibarger/nova-universe/apps/api/db.js:45:5)
    at async DatabaseWrapper.ensureReady (file:///Users/tneibarger/nova-universe/apps/api/db.js:676:19)
    at async DatabaseWrapper.query (file:///Users/tneibarger/nova-universe/apps/api/db.js:697:22)
    at async ConfigurationManager.loadFromDatabase (file:///Users/tneibarger/nova-universe/apps/api/config/app-settings.js:196:22)
    at async ConfigurationManager.getFullConfig (file:///Users/tneibarger/nova-universe/apps/api/config/app-settings.js:168:24)
    at async ConfigurationManager.get (file:///Users/tneibarger/nova-universe/apps/api/config/app-settings.js:114:22)
    at async file:///Users/tneibarger/nova-universe/apps/api/index.js:2494:30
[2025-09-02T04:02:29.410Z] ❌ Failed to initialize database factory: Error: No primary database available
    at DatabaseFactory.getPrimaryDatabase (file:///Users/tneibarger/nova-universe/apps/api/database/factory.js:198:11)
    at DatabaseFactory.query (file:///Users/tneibarger/nova-universe/apps/api/database/factory.js:265:28)
    at setupSchemas (file:///Users/tneibarger/nova-universe/apps/api/db.js:73:14)
    at async initializeDatabase (file:///Users/tneibarger/nova-universe/apps/api/db.js:45:5)
    at async DatabaseWrapper.ensureReady (file:///Users/tneibarger/nova-universe/apps/api/db.js:676:19)
    at async DatabaseWrapper.query (file:///Users/tneibarger/nova-universe/apps/api/db.js:697:22)
    at async ConfigurationManager.loadFromDatabase (file:///Users/tneibarger/nova-universe/apps/api/config/app-settings.js:196:22)
    at async ConfigurationManager.getFullConfig (file:///Users/tneibarger/nova-universe/apps/api/config/app-settings.js:168:24)
    at async ConfigurationManager.get (file:///Users/tneibarger/nova-universe/apps/api/config/app-settings.js:114:22)
    at async file:///Users/tneibarger/nova-universe/apps/api/index.js:2494:30
[2025-09-02T04:02:29.410Z] ❌ Error loading configuration from database: Error: DB unavailable
    at Object.query (file:///Users/tneibarger/nova-universe/apps/api/db.js:684:19)
    at DatabaseWrapper.query (file:///Users/tneibarger/nova-universe/apps/api/db.js:698:27)
    at async ConfigurationManager.loadFromDatabase (file:///Users/tneibarger/nova-universe/apps/api/config/app-settings.js:196:22)
    at async ConfigurationManager.getFullConfig (file:///Users/tneibarger/nova-universe/apps/api/config/app-settings.js:168:24)
    at async ConfigurationManager.get (file:///Users/tneibarger/nova-universe/apps/api/config/app-settings.js:114:22)
    at async file:///Users/tneibarger/nova-universe/apps/api/index.js:2494:30
[2025-09-02T04:02:29.411Z] 🐛 📋 Updated Swagger server URLs: [
  {
    url: 'http://localhost:3000/api/v2',
    description: 'Current API (v2) - Latest features and improvements'
  },
  {
    url: 'http://localhost:3000/api/v1',
    description: 'Legacy API (v1) - Deprecated, maintained for backward compatibility'
  }
]
[2025-09-02T04:02:29.411Z] ⚠️ Could not ensure pgcrypto extension (ok if not needed): No primary database available
[2025-09-02T04:02:29.411Z] ❌ Error setting up schemas: Error: No primary database available
    at DatabaseFactory.getPrimaryDatabase (file:///Users/tneibarger/nova-universe/apps/api/database/factory.js:198:11)
    at DatabaseFactory.query (file:///Users/tneibarger/nova-universe/apps/api/database/factory.js:265:28)
    at setupSchemas (file:///Users/tneibarger/nova-universe/apps/api/db.js:73:14)
    at async initializeDatabase (file:///Users/tneibarger/nova-universe/apps/api/db.js:45:5)
    at async DatabaseWrapper.ensureReady (file:///Users/tneibarger/nova-universe/apps/api/db.js:676:19)
    at async DatabaseWrapper.query (file:///Users/tneibarger/nova-universe/apps/api/db.js:697:22)
[2025-09-02T04:02:29.411Z] ❌ Failed to initialize database factory: Error: No primary database available
    at DatabaseFactory.getPrimaryDatabase (file:///Users/tneibarger/nova-universe/apps/api/database/factory.js:198:11)
    at DatabaseFactory.query (file:///Users/tneibarger/nova-universe/apps/api/database/factory.js:265:28)
    at setupSchemas (file:///Users/tneibarger/nova-universe/apps/api/db.js:73:14)
    at async initializeDatabase (file:///Users/tneibarger/nova-universe/apps/api/db.js:45:5)
    at async DatabaseWrapper.ensureReady (file:///Users/tneibarger/nova-universe/apps/api/db.js:676:19)
    at async DatabaseWrapper.query (file:///Users/tneibarger/nova-universe/apps/api/db.js:697:22)
[2025-09-02T04:02:29.411Z] ℹ️ Configuration management system initialized
[2025-09-02T04:02:38.654Z] ❌ ❌ Elasticsearch connection failed: 
[2025-09-02T04:02:38.654Z] ℹ️ Elasticsearch initialized successfully
[2025-09-02T04:02:38.688Z] ℹ️ GraphQL server setup complete
[2025-09-02T04:02:38.688Z] ℹ️ Slack credentials not found - Slack integration disabled
[2025-09-02T04:02:38.688Z] ℹ️ 🔗 API Versioning Strategy:
[2025-09-02T04:02:38.688Z] ℹ️   • v2 (Current): /api/v2/* - Latest features and improvements
[2025-09-02T04:02:38.688Z] ℹ️   • v1 (Deprecated): /api/v1/* - Legacy version with sunset warnings
[2025-09-02T04:02:38.688Z] ℹ️   • Backward compatibility: /api/* routes map to v1 with deprecation headers
[2025-09-02T04:02:38.688Z] ℹ️ 📋 API Documentation available at http://localhost:3000/api-docs
[2025-09-02T04:02:38.689Z] ❌ Uncaught Exception {
  error: {
    name: 'Error',
    message: 'listen EPERM: operation not permitted 0.0.0.0:3000',
    stack: 'Error: listen EPERM: operation not permitted 0.0.0.0:3000\n' +
      '    at Server.setupListenHandle [as _listen2] (node:net:1918:21)\n' +
      '    at listenInCluster (node:net:1997:12)\n' +
      '    at Server.listen (node:net:2102:7)\n' +
      '    at file:///Users/tneibarger/nova-universe/apps/api/index.js:2567:12'
  }
}
[2025-09-02T04:07:27.147Z] 🐛 Collecting all metrics...
[2025-09-02T04:07:27.148Z] 🐛 Metrics collection completed
[2025-09-02T04:07:27.148Z] 🐛 Syncing all calendars
[2025-09-02T04:07:27.149Z] 🐛 Starting sync for zoom with config: { enabled: true, lastSync: null, rateLimitRemaining: undefined }
[2025-09-02T04:07:27.149Z] 🐛 Syncing zoom platform for user [object Object]
[2025-09-02T04:07:27.149Z] 🐛 zoom sync completed: 11 events
[2025-09-02T04:07:27.150Z] 🐛 Starting sync for teams with config: { enabled: true, lastSync: null, rateLimitRemaining: undefined }
[2025-09-02T04:07:27.150Z] 🐛 Syncing teams platform for user [object Object]
[2025-09-02T04:07:27.150Z] 🐛 teams sync completed: 16 events
[2025-09-02T04:07:27.150Z] 🐛 Starting sync for webex with config: { enabled: true, lastSync: null, rateLimitRemaining: undefined }
[2025-09-02T04:07:27.150Z] 🐛 Syncing webex platform for user [object Object]
[2025-09-02T04:07:27.150Z] 🐛 webex sync completed: 14 events
[2025-09-02T04:07:27.150Z] 🐛 Starting sync for google with config: { enabled: true, lastSync: null, rateLimitRemaining: undefined }
[2025-09-02T04:07:27.150Z] 🐛 Syncing google platform for user [object Object]
[2025-09-02T04:07:27.150Z] 🐛 google sync completed: 18 events
[2025-09-02T04:07:27.150Z] 🐛 Starting sync for slack with config: { enabled: true, lastSync: null, rateLimitRemaining: undefined }
[2025-09-02T04:07:27.151Z] 🐛 Syncing slack platform for user [object Object]
[2025-09-02T04:07:27.151Z] 🐛 slack sync completed: 23 events
[2025-09-02T04:07:28.442Z] 🐛 Performing IoT system health check
[2025-09-02T04:07:28.443Z] 🐛 IoT system health check completed
[2025-09-02T04:07:28.443Z] 🐛 Cleaning up inactive IoT devices
[2025-09-02T04:07:28.443Z] 🐛 IoT device cleanup completed
[2025-09-02T04:12:27.147Z] 🐛 Collecting all metrics...
[2025-09-02T04:12:27.148Z] 🐛 Metrics collection completed
[2025-09-02T04:12:27.149Z] 🐛 Cleaning up expired bookings
[2025-09-02T04:12:27.149Z] 🐛 Updating availability metrics
[2025-09-02T04:12:27.149Z] 🐛 Availability metrics updated
[2025-09-02T04:12:27.149Z] 🐛 Syncing all calendars
[2025-09-02T04:12:27.149Z] 🐛 Starting sync for zoom with config: {
  enabled: true,
  lastSync: '2025-09-02T04:07:27.150Z',
  rateLimitRemaining: undefined
}
[2025-09-02T04:12:27.149Z] 🐛 Syncing zoom platform for user [object Object]
[2025-09-02T04:12:27.149Z] 🐛 zoom sync completed: 19 events
[2025-09-02T04:12:27.149Z] 🐛 Starting sync for teams with config: {
  enabled: true,
  lastSync: '2025-09-02T04:07:27.150Z',
  rateLimitRemaining: undefined
}
[2025-09-02T04:12:27.149Z] 🐛 Syncing teams platform for user [object Object]
[2025-09-02T04:12:27.149Z] 🐛 teams sync completed: 24 events
[2025-09-02T04:12:27.149Z] 🐛 Starting sync for webex with config: {
  enabled: true,
  lastSync: '2025-09-02T04:07:27.150Z',
  rateLimitRemaining: undefined
}
[2025-09-02T04:12:27.149Z] 🐛 Syncing webex platform for user [object Object]
[2025-09-02T04:12:27.149Z] 🐛 webex sync completed: 14 events
[2025-09-02T04:12:27.149Z] 🐛 Starting sync for google with config: {
  enabled: true,
  lastSync: '2025-09-02T04:07:27.150Z',
  rateLimitRemaining: undefined
}
[2025-09-02T04:12:27.149Z] 🐛 Syncing google platform for user [object Object]
[2025-09-02T04:12:27.149Z] 🐛 google sync completed: 23 events
[2025-09-02T04:12:27.149Z] 🐛 Starting sync for slack with config: {
  enabled: true,
  lastSync: '2025-09-02T04:07:27.151Z',
  rateLimitRemaining: undefined
}
[2025-09-02T04:12:27.149Z] 🐛 Syncing slack platform for user [object Object]
[2025-09-02T04:12:27.149Z] 🐛 slack sync completed: 7 events
[2025-09-02T04:12:28.444Z] 🐛 Performing IoT system health check
[2025-09-02T04:12:28.444Z] 🐛 IoT system health check completed
[2025-09-02T04:12:28.444Z] 🐛 Cleaning up inactive IoT devices
[2025-09-02T04:12:28.444Z] 🐛 IoT device cleanup completed
[2025-09-02T04:17:27.148Z] 🐛 Collecting all metrics...
[2025-09-02T04:17:27.149Z] 🐛 Metrics collection completed
[2025-09-02T04:17:27.150Z] 🐛 Cleaning up expired visitors
[2025-09-02T04:17:27.150Z] 🐛 Updating visitor metrics
[2025-09-02T04:17:27.150Z] 🐛 Visitor metrics updated
[2025-09-02T04:17:27.150Z] 🐛 Syncing all calendars
[2025-09-02T04:17:27.150Z] 🐛 Starting sync for zoom with config: {
  enabled: true,
  lastSync: '2025-09-02T04:12:27.149Z',
  rateLimitRemaining: undefined
}
[2025-09-02T04:17:27.150Z] 🐛 Syncing zoom platform for user [object Object]
[2025-09-02T04:17:27.150Z] 🐛 zoom sync completed: 16 events
[2025-09-02T04:17:27.150Z] 🐛 Starting sync for teams with config: {
  enabled: true,
  lastSync: '2025-09-02T04:12:27.149Z',
  rateLimitRemaining: undefined
}
[2025-09-02T04:17:27.151Z] 🐛 Syncing teams platform for user [object Object]
[2025-09-02T04:17:27.151Z] 🐛 teams sync completed: 13 events
[2025-09-02T04:17:27.151Z] 🐛 Starting sync for webex with config: {
  enabled: true,
  lastSync: '2025-09-02T04:12:27.149Z',
  rateLimitRemaining: undefined
}
[2025-09-02T04:17:27.151Z] 🐛 Syncing webex platform for user [object Object]
[2025-09-02T04:17:27.151Z] 🐛 webex sync completed: 19 events
[2025-09-02T04:17:27.151Z] 🐛 Starting sync for google with config: {
  enabled: true,
  lastSync: '2025-09-02T04:12:27.149Z',
  rateLimitRemaining: undefined
}
[2025-09-02T04:17:27.151Z] 🐛 Syncing google platform for user [object Object]
[2025-09-02T04:17:27.151Z] 🐛 google sync completed: 10 events
[2025-09-02T04:17:27.151Z] 🐛 Starting sync for slack with config: {
  enabled: true,
  lastSync: '2025-09-02T04:12:27.149Z',
  rateLimitRemaining: undefined
}
[2025-09-02T04:17:27.151Z] 🐛 Syncing slack platform for user [object Object]
[2025-09-02T04:17:27.151Z] 🐛 slack sync completed: 19 events
[2025-09-02T04:17:28.443Z] 🐛 Syncing all calendars
[2025-09-02T04:17:28.444Z] 🐛 Starting sync for zoom with config: {
  enabled: true,
  lastSync: '2025-09-02T04:17:27.150Z',
  rateLimitRemaining: undefined
}
[2025-09-02T04:17:28.444Z] 🐛 Syncing zoom platform for user [object Object]
[2025-09-02T04:17:28.444Z] 🐛 zoom sync completed: 8 events
[2025-09-02T04:17:28.444Z] 🐛 Starting sync for teams with config: {
  enabled: true,
  lastSync: '2025-09-02T04:17:27.151Z',
  rateLimitRemaining: undefined
}
[2025-09-02T04:17:28.444Z] 🐛 Syncing teams platform for user [object Object]
[2025-09-02T04:17:28.444Z] 🐛 teams sync completed: 23 events
[2025-09-02T04:17:28.444Z] 🐛 Starting sync for webex with config: {
  enabled: true,
  lastSync: '2025-09-02T04:17:27.151Z',
  rateLimitRemaining: undefined
}
[2025-09-02T04:17:28.444Z] 🐛 Syncing webex platform for user [object Object]
[2025-09-02T04:17:28.444Z] 🐛 webex sync completed: 12 events
[2025-09-02T04:17:28.444Z] 🐛 Starting sync for google with config: {
  enabled: true,
  lastSync: '2025-09-02T04:17:27.151Z',
  rateLimitRemaining: undefined
}
[2025-09-02T04:17:28.444Z] 🐛 Syncing google platform for user [object Object]
[2025-09-02T04:17:28.444Z] 🐛 google sync completed: 10 events
[2025-09-02T04:17:28.444Z] 🐛 Starting sync for slack with config: {
  enabled: true,
  lastSync: '2025-09-02T04:17:27.151Z',
  rateLimitRemaining: undefined
}
[2025-09-02T04:17:28.444Z] 🐛 Syncing slack platform for user [object Object]
[2025-09-02T04:17:28.444Z] 🐛 slack sync completed: 12 events
[2025-09-02T04:17:28.444Z] 🐛 Performing IoT system health check
[2025-09-02T04:17:28.444Z] 🐛 IoT system health check completed
[2025-09-02T04:17:28.444Z] 🐛 Cleaning up inactive IoT devices
[2025-09-02T04:17:28.444Z] 🐛 IoT device cleanup completed
[2025-09-02T04:22:27.149Z] 🐛 Cleaning up expired bookings
[2025-09-02T04:22:27.153Z] 🐛 Updating availability metrics
[2025-09-02T04:22:27.153Z] 🐛 Availability metrics updated
[2025-09-02T04:22:27.153Z] 🐛 Collecting all metrics...
[2025-09-02T04:22:27.153Z] 🐛 Metrics collection completed
[2025-09-02T04:22:27.154Z] 🐛 Syncing all calendars
[2025-09-02T04:22:27.154Z] 🐛 Starting sync for zoom with config: {
  enabled: true,
  lastSync: '2025-09-02T04:17:28.444Z',
  rateLimitRemaining: undefined
}
[2025-09-02T04:22:27.154Z] 🐛 Syncing zoom platform for user [object Object]
[2025-09-02T04:22:27.154Z] 🐛 zoom sync completed: 20 events
[2025-09-02T04:22:27.154Z] 🐛 Starting sync for teams with config: {
  enabled: true,
  lastSync: '2025-09-02T04:17:28.444Z',
  rateLimitRemaining: undefined
}
[2025-09-02T04:22:27.154Z] 🐛 Syncing teams platform for user [object Object]
[2025-09-02T04:22:27.155Z] 🐛 teams sync completed: 10 events
[2025-09-02T04:22:27.155Z] 🐛 Starting sync for webex with config: {
  enabled: true,
  lastSync: '2025-09-02T04:17:28.444Z',
  rateLimitRemaining: undefined
}
[2025-09-02T04:22:27.155Z] 🐛 Syncing webex platform for user [object Object]
[2025-09-02T04:22:27.155Z] 🐛 webex sync completed: 23 events
[2025-09-02T04:22:27.155Z] 🐛 Starting sync for google with config: {
  enabled: true,
  lastSync: '2025-09-02T04:17:28.444Z',
  rateLimitRemaining: undefined
}
[2025-09-02T04:22:27.155Z] 🐛 Syncing google platform for user [object Object]
[2025-09-02T04:22:27.155Z] 🐛 google sync completed: 16 events
[2025-09-02T04:22:27.155Z] 🐛 Starting sync for slack with config: {
  enabled: true,
  lastSync: '2025-09-02T04:17:28.444Z',
  rateLimitRemaining: undefined
}
[2025-09-02T04:22:27.155Z] 🐛 Syncing slack platform for user [object Object]
[2025-09-02T04:22:27.155Z] 🐛 slack sync completed: 11 events
[2025-09-02T04:22:28.445Z] 🐛 Performing IoT system health check
[2025-09-02T04:22:28.445Z] 🐛 IoT system health check completed
[2025-09-02T04:22:28.445Z] 🐛 Cleaning up inactive IoT devices
[2025-09-02T04:22:28.445Z] 🐛 IoT device cleanup completed
[2025-09-02T04:27:27.154Z] 🐛 Collecting all metrics...
[2025-09-02T04:27:27.163Z] 🐛 Metrics collection completed
[2025-09-02T04:27:27.165Z] 🐛 Syncing all calendars
[2025-09-02T04:27:27.165Z] 🐛 Starting sync for zoom with config: {
  enabled: true,
  lastSync: '2025-09-02T04:22:27.154Z',
  rateLimitRemaining: undefined
}
[2025-09-02T04:27:27.167Z] 🐛 Syncing zoom platform for user [object Object]
[2025-09-02T04:27:27.167Z] 🐛 zoom sync completed: 24 events
[2025-09-02T04:27:27.167Z] 🐛 Starting sync for teams with config: {
  enabled: true,
  lastSync: '2025-09-02T04:22:27.155Z',
  rateLimitRemaining: undefined
}
[2025-09-02T04:27:27.168Z] 🐛 Syncing teams platform for user [object Object]
[2025-09-02T04:27:27.168Z] 🐛 teams sync completed: 14 events
[2025-09-02T04:27:27.168Z] 🐛 Starting sync for webex with config: {
  enabled: true,
  lastSync: '2025-09-02T04:22:27.155Z',
  rateLimitRemaining: undefined
}
[2025-09-02T04:27:27.168Z] 🐛 Syncing webex platform for user [object Object]
[2025-09-02T04:27:27.168Z] 🐛 webex sync completed: 9 events
[2025-09-02T04:27:27.168Z] 🐛 Starting sync for google with config: {
  enabled: true,
  lastSync: '2025-09-02T04:22:27.155Z',
  rateLimitRemaining: undefined
}
[2025-09-02T04:27:27.168Z] 🐛 Syncing google platform for user [object Object]
[2025-09-02T04:27:27.168Z] 🐛 google sync completed: 20 events
[2025-09-02T04:27:27.168Z] 🐛 Starting sync for slack with config: {
  enabled: true,
  lastSync: '2025-09-02T04:22:27.155Z',
  rateLimitRemaining: undefined
}
[2025-09-02T04:27:27.168Z] 🐛 Syncing slack platform for user [object Object]
[2025-09-02T04:27:27.168Z] 🐛 slack sync completed: 24 events
[2025-09-02T04:27:28.445Z] 🐛 Performing IoT system health check
[2025-09-02T04:27:28.445Z] 🐛 IoT system health check completed
[2025-09-02T04:27:28.445Z] 🐛 Cleaning up inactive IoT devices
[2025-09-02T04:27:28.445Z] 🐛 IoT device cleanup completed
[2025-09-02T04:32:27.136Z] 🐛 Cleaning up expired bookings
[2025-09-02T04:32:27.140Z] 🐛 Updating availability metrics
[2025-09-02T04:32:27.140Z] 🐛 Availability metrics updated
[2025-09-02T04:32:27.141Z] 🐛 Cleaning up expired visitors
[2025-09-02T04:32:27.141Z] 🐛 Updating visitor metrics
[2025-09-02T04:32:27.141Z] 🐛 Visitor metrics updated
[2025-09-02T04:32:27.143Z] 🐛 Collecting all metrics...
[2025-09-02T04:32:27.143Z] 🐛 Metrics collection completed
[2025-09-02T04:32:27.151Z] 🐛 Syncing all calendars
[2025-09-02T04:32:27.151Z] 🐛 Starting sync for zoom with config: {
  enabled: true,
  lastSync: '2025-09-02T04:27:27.167Z',
  rateLimitRemaining: undefined
}
[2025-09-02T04:32:27.155Z] 🐛 Syncing zoom platform for user [object Object]
[2025-09-02T04:32:27.155Z] 🐛 zoom sync completed: 5 events
[2025-09-02T04:32:27.156Z] 🐛 Starting sync for teams with config: {
  enabled: true,
  lastSync: '2025-09-02T04:27:27.168Z',
  rateLimitRemaining: undefined
}
[2025-09-02T04:32:27.156Z] 🐛 Syncing teams platform for user [object Object]
[2025-09-02T04:32:27.156Z] 🐛 teams sync completed: 22 events
[2025-09-02T04:32:27.156Z] 🐛 Starting sync for webex with config: {
  enabled: true,
  lastSync: '2025-09-02T04:27:27.168Z',
  rateLimitRemaining: undefined
}
[2025-09-02T04:32:27.156Z] 🐛 Syncing webex platform for user [object Object]
[2025-09-02T04:32:27.156Z] 🐛 webex sync completed: 16 events
[2025-09-02T04:32:27.156Z] 🐛 Starting sync for google with config: {
  enabled: true,
  lastSync: '2025-09-02T04:27:27.168Z',
  rateLimitRemaining: undefined
}
[2025-09-02T04:32:27.156Z] 🐛 Syncing google platform for user [object Object]
[2025-09-02T04:32:27.156Z] 🐛 google sync completed: 12 events
[2025-09-02T04:32:27.156Z] 🐛 Starting sync for slack with config: {
  enabled: true,
  lastSync: '2025-09-02T04:27:27.168Z',
  rateLimitRemaining: undefined
}
[2025-09-02T04:32:27.156Z] 🐛 Syncing slack platform for user [object Object]
[2025-09-02T04:32:27.156Z] 🐛 slack sync completed: 6 events
[2025-09-02T04:32:28.430Z] 🐛 Syncing all calendars
[2025-09-02T04:32:28.431Z] 🐛 Starting sync for zoom with config: {
  enabled: true,
  lastSync: '2025-09-02T04:32:27.156Z',
  rateLimitRemaining: undefined
}
[2025-09-02T04:32:28.432Z] 🐛 Syncing zoom platform for user [object Object]
[2025-09-02T04:32:28.432Z] 🐛 zoom sync completed: 19 events
[2025-09-02T04:32:28.432Z] 🐛 Starting sync for teams with config: {
  enabled: true,
  lastSync: '2025-09-02T04:32:27.156Z',
  rateLimitRemaining: undefined
}
[2025-09-02T04:32:28.432Z] 🐛 Syncing teams platform for user [object Object]
[2025-09-02T04:32:28.432Z] 🐛 teams sync completed: 10 events
[2025-09-02T04:32:28.432Z] 🐛 Starting sync for webex with config: {
  enabled: true,
  lastSync: '2025-09-02T04:32:27.156Z',
  rateLimitRemaining: undefined
}
[2025-09-02T04:32:28.432Z] 🐛 Syncing webex platform for user [object Object]
[2025-09-02T04:32:28.432Z] 🐛 webex sync completed: 8 events
[2025-09-02T04:32:28.432Z] 🐛 Starting sync for google with config: {
  enabled: true,
  lastSync: '2025-09-02T04:32:27.156Z',
  rateLimitRemaining: undefined
}
[2025-09-02T04:32:28.432Z] 🐛 Syncing google platform for user [object Object]
[2025-09-02T04:32:28.432Z] 🐛 google sync completed: 15 events
[2025-09-02T04:32:28.432Z] 🐛 Starting sync for slack with config: {
  enabled: true,
  lastSync: '2025-09-02T04:32:27.156Z',
  rateLimitRemaining: undefined
}
[2025-09-02T04:32:28.433Z] 🐛 Syncing slack platform for user [object Object]
[2025-09-02T04:32:28.433Z] 🐛 slack sync completed: 20 events
[2025-09-02T04:32:28.433Z] 🐛 Performing IoT system health check
[2025-09-02T04:32:28.433Z] 🐛 IoT system health check completed
[2025-09-02T04:32:28.433Z] 🐛 Cleaning up inactive IoT devices
[2025-09-02T04:32:28.433Z] 🐛 IoT device cleanup completed
[2025-09-02T04:37:27.142Z] 🐛 Collecting all metrics...
[2025-09-02T04:37:27.144Z] 🐛 Metrics collection completed
[2025-09-02T04:37:27.150Z] 🐛 Syncing all calendars
[2025-09-02T04:37:27.150Z] 🐛 Starting sync for zoom with config: {
  enabled: true,
  lastSync: '2025-09-02T04:32:28.432Z',
  rateLimitRemaining: undefined
}
[2025-09-02T04:37:27.150Z] 🐛 Syncing zoom platform for user [object Object]
[2025-09-02T04:37:27.150Z] 🐛 zoom sync completed: 21 events
[2025-09-02T04:37:27.150Z] 🐛 Starting sync for teams with config: {
  enabled: true,
  lastSync: '2025-09-02T04:32:28.432Z',
  rateLimitRemaining: undefined
}
[2025-09-02T04:37:27.150Z] 🐛 Syncing teams platform for user [object Object]
[2025-09-02T04:37:27.150Z] 🐛 teams sync completed: 18 events
[2025-09-02T04:37:27.150Z] 🐛 Starting sync for webex with config: {
  enabled: true,
  lastSync: '2025-09-02T04:32:28.432Z',
  rateLimitRemaining: undefined
}
[2025-09-02T04:37:27.150Z] 🐛 Syncing webex platform for user [object Object]
[2025-09-02T04:37:27.150Z] 🐛 webex sync completed: 14 events
[2025-09-02T04:37:27.150Z] 🐛 Starting sync for google with config: {
  enabled: true,
  lastSync: '2025-09-02T04:32:28.432Z',
  rateLimitRemaining: undefined
}
[2025-09-02T04:37:27.151Z] 🐛 Syncing google platform for user [object Object]
[2025-09-02T04:37:27.151Z] 🐛 google sync completed: 10 events
[2025-09-02T04:37:27.151Z] 🐛 Starting sync for slack with config: {
  enabled: true,
  lastSync: '2025-09-02T04:32:28.433Z',
  rateLimitRemaining: undefined
}
[2025-09-02T04:37:27.151Z] 🐛 Syncing slack platform for user [object Object]
[2025-09-02T04:37:27.151Z] 🐛 slack sync completed: 7 events
[2025-09-02T04:37:28.433Z] 🐛 Performing IoT system health check
[2025-09-02T04:37:28.434Z] 🐛 IoT system health check completed
[2025-09-02T04:37:28.434Z] 🐛 Cleaning up inactive IoT devices
[2025-09-02T04:37:28.434Z] 🐛 IoT device cleanup completed
[2025-09-02T04:42:27.134Z] 🐛 Cleaning up expired bookings
[2025-09-02T04:42:27.137Z] 🐛 Updating availability metrics
[2025-09-02T04:42:27.137Z] 🐛 Availability metrics updated
[2025-09-02T04:42:27.141Z] 🐛 Collecting all metrics...
[2025-09-02T04:42:27.141Z] 🐛 Metrics collection completed
[2025-09-02T04:42:27.149Z] 🐛 Syncing all calendars
[2025-09-02T04:42:27.149Z] 🐛 Starting sync for zoom with config: {
  enabled: true,
  lastSync: '2025-09-02T04:37:27.150Z',
  rateLimitRemaining: undefined
}
[2025-09-02T04:42:27.149Z] 🐛 Syncing zoom platform for user [object Object]
[2025-09-02T04:42:27.149Z] 🐛 zoom sync completed: 21 events
[2025-09-02T04:42:27.149Z] 🐛 Starting sync for teams with config: {
  enabled: true,
  lastSync: '2025-09-02T04:37:27.150Z',
  rateLimitRemaining: undefined
}
[2025-09-02T04:42:27.149Z] 🐛 Syncing teams platform for user [object Object]
[2025-09-02T04:42:27.149Z] 🐛 teams sync completed: 5 events
[2025-09-02T04:42:27.149Z] 🐛 Starting sync for webex with config: {
  enabled: true,
  lastSync: '2025-09-02T04:37:27.150Z',
  rateLimitRemaining: undefined
}
[2025-09-02T04:42:27.149Z] 🐛 Syncing webex platform for user [object Object]
[2025-09-02T04:42:27.149Z] 🐛 webex sync completed: 24 events
[2025-09-02T04:42:27.149Z] 🐛 Starting sync for google with config: {
  enabled: true,
  lastSync: '2025-09-02T04:37:27.151Z',
  rateLimitRemaining: undefined
}
[2025-09-02T04:42:27.149Z] 🐛 Syncing google platform for user [object Object]
[2025-09-02T04:42:27.149Z] 🐛 google sync completed: 14 events
[2025-09-02T04:42:27.149Z] 🐛 Starting sync for slack with config: {
  enabled: true,
  lastSync: '2025-09-02T04:37:27.151Z',
  rateLimitRemaining: undefined
}
[2025-09-02T04:42:27.149Z] 🐛 Syncing slack platform for user [object Object]
[2025-09-02T04:42:27.149Z] 🐛 slack sync completed: 8 events
[2025-09-02T04:42:28.433Z] 🐛 Performing IoT system health check
[2025-09-02T04:42:28.433Z] 🐛 IoT system health check completed
[2025-09-02T04:42:28.433Z] 🐛 Cleaning up inactive IoT devices
[2025-09-02T04:42:28.433Z] 🐛 IoT device cleanup completed
[2025-09-02T04:47:27.137Z] 🐛 Cleaning up expired visitors
[2025-09-02T04:47:27.139Z] 🐛 Updating visitor metrics
[2025-09-02T04:47:27.139Z] 🐛 Visitor metrics updated
[2025-09-02T04:47:27.139Z] 🐛 Collecting all metrics...
[2025-09-02T04:47:27.139Z] 🐛 Metrics collection completed
[2025-09-02T04:47:27.148Z] 🐛 Syncing all calendars
[2025-09-02T04:47:27.148Z] 🐛 Starting sync for zoom with config: {
  enabled: true,
  lastSync: '2025-09-02T04:42:27.149Z',
  rateLimitRemaining: undefined
}
[2025-09-02T04:47:27.148Z] 🐛 Syncing zoom platform for user [object Object]
[2025-09-02T04:47:27.148Z] 🐛 zoom sync completed: 22 events
[2025-09-02T04:47:27.148Z] 🐛 Starting sync for teams with config: {
  enabled: true,
  lastSync: '2025-09-02T04:42:27.149Z',
  rateLimitRemaining: undefined
}
[2025-09-02T04:47:27.148Z] 🐛 Syncing teams platform for user [object Object]
[2025-09-02T04:47:27.148Z] 🐛 teams sync completed: 16 events
[2025-09-02T04:47:27.148Z] 🐛 Starting sync for webex with config: {
  enabled: true,
  lastSync: '2025-09-02T04:42:27.149Z',
  rateLimitRemaining: undefined
}
[2025-09-02T04:47:27.148Z] 🐛 Syncing webex platform for user [object Object]
[2025-09-02T04:47:27.148Z] 🐛 webex sync completed: 23 events
[2025-09-02T04:47:27.148Z] 🐛 Starting sync for google with config: {
  enabled: true,
  lastSync: '2025-09-02T04:42:27.149Z',
  rateLimitRemaining: undefined
}
[2025-09-02T04:47:27.149Z] 🐛 Syncing google platform for user [object Object]
[2025-09-02T04:47:27.149Z] 🐛 google sync completed: 8 events
[2025-09-02T04:47:27.149Z] 🐛 Starting sync for slack with config: {
  enabled: true,
  lastSync: '2025-09-02T04:42:27.149Z',
  rateLimitRemaining: undefined
}
[2025-09-02T04:47:27.149Z] 🐛 Syncing slack platform for user [object Object]
[2025-09-02T04:47:27.149Z] 🐛 slack sync completed: 24 events
[2025-09-02T04:47:28.426Z] 🐛 Syncing all calendars
[2025-09-02T04:47:28.426Z] 🐛 Starting sync for zoom with config: {
  enabled: true,
  lastSync: '2025-09-02T04:47:27.148Z',
  rateLimitRemaining: undefined
}
[2025-09-02T04:47:28.426Z] 🐛 Syncing zoom platform for user [object Object]
[2025-09-02T04:47:28.426Z] 🐛 zoom sync completed: 20 events
[2025-09-02T04:47:28.426Z] 🐛 Starting sync for teams with config: {
  enabled: true,
  lastSync: '2025-09-02T04:47:27.148Z',
  rateLimitRemaining: undefined
}
[2025-09-02T04:47:28.426Z] 🐛 Syncing teams platform for user [object Object]
[2025-09-02T04:47:28.426Z] 🐛 teams sync completed: 19 events
[2025-09-02T04:47:28.426Z] 🐛 Starting sync for webex with config: {
  enabled: true,
  lastSync: '2025-09-02T04:47:27.148Z',
  rateLimitRemaining: undefined
}
[2025-09-02T04:47:28.426Z] 🐛 Syncing webex platform for user [object Object]
[2025-09-02T04:47:28.426Z] 🐛 webex sync completed: 11 events
[2025-09-02T04:47:28.426Z] 🐛 Starting sync for google with config: {
  enabled: true,
  lastSync: '2025-09-02T04:47:27.149Z',
  rateLimitRemaining: undefined
}
[2025-09-02T04:47:28.427Z] 🐛 Syncing google platform for user [object Object]
[2025-09-02T04:47:28.427Z] 🐛 google sync completed: 19 events
[2025-09-02T04:47:28.427Z] 🐛 Starting sync for slack with config: {
  enabled: true,
  lastSync: '2025-09-02T04:47:27.149Z',
  rateLimitRemaining: undefined
}
[2025-09-02T04:47:28.427Z] 🐛 Syncing slack platform for user [object Object]
[2025-09-02T04:47:28.427Z] 🐛 slack sync completed: 13 events
[2025-09-02T04:47:28.431Z] 🐛 Performing IoT system health check
[2025-09-02T04:47:28.432Z] 🐛 IoT system health check completed
[2025-09-02T04:47:28.432Z] 🐛 Cleaning up inactive IoT devices
[2025-09-02T04:47:28.432Z] 🐛 IoT device cleanup completed
[2025-09-02T04:52:27.132Z] 🐛 Cleaning up expired bookings
[2025-09-02T04:52:27.134Z] 🐛 Updating availability metrics
[2025-09-02T04:52:27.134Z] 🐛 Availability metrics updated
[2025-09-02T04:52:27.137Z] 🐛 Collecting all metrics...
[2025-09-02T04:52:27.137Z] 🐛 Metrics collection completed
[2025-09-02T04:52:27.147Z] 🐛 Syncing all calendars
[2025-09-02T04:52:27.147Z] 🐛 Starting sync for zoom with config: {
  enabled: true,
  lastSync: '2025-09-02T04:47:28.426Z',
  rateLimitRemaining: undefined
}
[2025-09-02T04:52:27.147Z] 🐛 Syncing zoom platform for user [object Object]
[2025-09-02T04:52:27.147Z] 🐛 zoom sync completed: 21 events
[2025-09-02T04:52:27.147Z] 🐛 Starting sync for teams with config: {
  enabled: true,
  lastSync: '2025-09-02T04:47:28.426Z',
  rateLimitRemaining: undefined
}
[2025-09-02T04:52:27.147Z] 🐛 Syncing teams platform for user [object Object]
[2025-09-02T04:52:27.147Z] 🐛 teams sync completed: 11 events
[2025-09-02T04:52:27.148Z] 🐛 Starting sync for webex with config: {
  enabled: true,
  lastSync: '2025-09-02T04:47:28.426Z',
  rateLimitRemaining: undefined
}
[2025-09-02T04:52:27.148Z] 🐛 Syncing webex platform for user [object Object]
[2025-09-02T04:52:27.148Z] 🐛 webex sync completed: 10 events
[2025-09-02T04:52:27.148Z] 🐛 Starting sync for google with config: {
  enabled: true,
  lastSync: '2025-09-02T04:47:28.427Z',
  rateLimitRemaining: undefined
}
[2025-09-02T04:52:27.148Z] 🐛 Syncing google platform for user [object Object]
[2025-09-02T04:52:27.148Z] 🐛 google sync completed: 6 events
[2025-09-02T04:52:27.148Z] 🐛 Starting sync for slack with config: {
  enabled: true,
  lastSync: '2025-09-02T04:47:28.427Z',
  rateLimitRemaining: undefined
}
[2025-09-02T04:52:27.148Z] 🐛 Syncing slack platform for user [object Object]
[2025-09-02T04:52:27.148Z] 🐛 slack sync completed: 7 events
[2025-09-02T04:52:28.431Z] 🐛 Performing IoT system health check
[2025-09-02T04:52:28.433Z] 🐛 IoT system health check completed
[2025-09-02T04:52:28.433Z] 🐛 Cleaning up inactive IoT devices
[2025-09-02T04:52:28.433Z] 🐛 IoT device cleanup completed
[2025-09-02T04:57:27.137Z] 🐛 Collecting all metrics...
[2025-09-02T04:57:27.138Z] 🐛 Metrics collection completed
[2025-09-02T04:57:27.146Z] 🐛 Syncing all calendars
[2025-09-02T04:57:27.146Z] 🐛 Starting sync for zoom with config: {
  enabled: true,
  lastSync: '2025-09-02T04:52:27.147Z',
  rateLimitRemaining: undefined
}
[2025-09-02T04:57:27.147Z] 🐛 Syncing zoom platform for user [object Object]
[2025-09-02T04:57:27.147Z] 🐛 zoom sync completed: 7 events
[2025-09-02T04:57:27.147Z] 🐛 Starting sync for teams with config: {
  enabled: true,
  lastSync: '2025-09-02T04:52:27.148Z',
  rateLimitRemaining: undefined
}
[2025-09-02T04:57:27.147Z] 🐛 Syncing teams platform for user [object Object]
[2025-09-02T04:57:27.147Z] 🐛 teams sync completed: 15 events
[2025-09-02T04:57:27.147Z] 🐛 Starting sync for webex with config: {
  enabled: true,
  lastSync: '2025-09-02T04:52:27.148Z',
  rateLimitRemaining: undefined
}
[2025-09-02T04:57:27.147Z] 🐛 Syncing webex platform for user [object Object]
[2025-09-02T04:57:27.147Z] 🐛 webex sync completed: 13 events
[2025-09-02T04:57:27.147Z] 🐛 Starting sync for google with config: {
  enabled: true,
  lastSync: '2025-09-02T04:52:27.148Z',
  rateLimitRemaining: undefined
}
[2025-09-02T04:57:27.147Z] 🐛 Syncing google platform for user [object Object]
[2025-09-02T04:57:27.147Z] 🐛 google sync completed: 9 events
[2025-09-02T04:57:27.147Z] 🐛 Starting sync for slack with config: {
  enabled: true,
  lastSync: '2025-09-02T04:52:27.148Z',
  rateLimitRemaining: undefined
}
[2025-09-02T04:57:27.148Z] 🐛 Syncing slack platform for user [object Object]
[2025-09-02T04:57:27.148Z] 🐛 slack sync completed: 16 events
[2025-09-02T04:57:28.431Z] 🐛 Performing IoT system health check
[2025-09-02T04:57:28.432Z] 🐛 IoT system health check completed
[2025-09-02T04:57:28.432Z] 🐛 Cleaning up inactive IoT devices
[2025-09-02T04:57:28.432Z] 🐛 IoT device cleanup completed
[2025-09-02T05:02:27.134Z] 🐛 Cleaning up expired bookings
[2025-09-02T05:02:27.142Z] 🐛 Updating availability metrics
[2025-09-02T05:02:27.142Z] 🐛 Availability metrics updated
[2025-09-02T05:02:27.145Z] 🐛 Cleaning up expired visitors
[2025-09-02T05:02:27.145Z] 🐛 Updating visitor metrics
[2025-09-02T05:02:27.145Z] 🐛 Visitor metrics updated
[2025-09-02T05:02:27.146Z] 🐛 Collecting all metrics...
[2025-09-02T05:02:27.146Z] 🐛 Metrics collection completed
[2025-09-02T05:02:27.146Z] 🐛 Syncing all calendars
[2025-09-02T05:02:27.146Z] 🐛 Starting sync for zoom with config: {
  enabled: true,
  lastSync: '2025-09-02T04:57:27.147Z',
  rateLimitRemaining: undefined
}
[2025-09-02T05:02:27.148Z] 🐛 Syncing zoom platform for user [object Object]
[2025-09-02T05:02:27.149Z] 🐛 zoom sync completed: 24 events
[2025-09-02T05:02:27.149Z] 🐛 Starting sync for teams with config: {
  enabled: true,
  lastSync: '2025-09-02T04:57:27.147Z',
  rateLimitRemaining: undefined
}
[2025-09-02T05:02:27.149Z] 🐛 Syncing teams platform for user [object Object]
[2025-09-02T05:02:27.149Z] 🐛 teams sync completed: 18 events
[2025-09-02T05:02:27.149Z] 🐛 Starting sync for webex with config: {
  enabled: true,
  lastSync: '2025-09-02T04:57:27.147Z',
  rateLimitRemaining: undefined
}
[2025-09-02T05:02:27.150Z] 🐛 Syncing webex platform for user [object Object]
[2025-09-02T05:02:27.150Z] 🐛 webex sync completed: 11 events
[2025-09-02T05:02:27.150Z] 🐛 Starting sync for google with config: {
  enabled: true,
  lastSync: '2025-09-02T04:57:27.147Z',
  rateLimitRemaining: undefined
}
[2025-09-02T05:02:27.150Z] 🐛 Syncing google platform for user [object Object]
[2025-09-02T05:02:27.150Z] 🐛 google sync completed: 20 events
[2025-09-02T05:02:27.150Z] 🐛 Starting sync for slack with config: {
  enabled: true,
  lastSync: '2025-09-02T04:57:27.148Z',
  rateLimitRemaining: undefined
}
[2025-09-02T05:02:27.150Z] 🐛 Syncing slack platform for user [object Object]
[2025-09-02T05:02:27.150Z] 🐛 slack sync completed: 24 events
[2025-09-02T05:02:28.420Z] 🐛 Syncing all calendars
[2025-09-02T05:02:28.420Z] 🐛 Starting sync for zoom with config: {
  enabled: true,
  lastSync: '2025-09-02T05:02:27.149Z',
  rateLimitRemaining: undefined
}
[2025-09-02T05:02:28.420Z] 🐛 Syncing zoom platform for user [object Object]
[2025-09-02T05:02:28.420Z] 🐛 zoom sync completed: 22 events
[2025-09-02T05:02:28.420Z] 🐛 Starting sync for teams with config: {
  enabled: true,
  lastSync: '2025-09-02T05:02:27.149Z',
  rateLimitRemaining: undefined
}
[2025-09-02T05:02:28.420Z] 🐛 Syncing teams platform for user [object Object]
[2025-09-02T05:02:28.420Z] 🐛 teams sync completed: 5 events
[2025-09-02T05:02:28.420Z] 🐛 Starting sync for webex with config: {
  enabled: true,
  lastSync: '2025-09-02T05:02:27.150Z',
  rateLimitRemaining: undefined
}
[2025-09-02T05:02:28.420Z] 🐛 Syncing webex platform for user [object Object]
[2025-09-02T05:02:28.420Z] 🐛 webex sync completed: 24 events
[2025-09-02T05:02:28.420Z] 🐛 Starting sync for google with config: {
  enabled: true,
  lastSync: '2025-09-02T05:02:27.150Z',
  rateLimitRemaining: undefined
}
[2025-09-02T05:02:28.420Z] 🐛 Syncing google platform for user [object Object]
[2025-09-02T05:02:28.421Z] 🐛 google sync completed: 15 events
[2025-09-02T05:02:28.421Z] 🐛 Starting sync for slack with config: {
  enabled: true,
  lastSync: '2025-09-02T05:02:27.150Z',
  rateLimitRemaining: undefined
}
[2025-09-02T05:02:28.422Z] 🐛 Syncing slack platform for user [object Object]
[2025-09-02T05:02:28.422Z] 🐛 slack sync completed: 8 events
[2025-09-02T05:02:28.430Z] 🐛 Performing IoT system health check
[2025-09-02T05:02:28.430Z] 🐛 IoT system health check completed
[2025-09-02T05:02:28.430Z] 🐛 Cleaning up inactive IoT devices
[2025-09-02T05:02:28.430Z] 🐛 IoT device cleanup completed
[2025-09-02T05:07:27.204Z] 🐛 Collecting all metrics...
[2025-09-02T05:07:27.214Z] 🐛 Metrics collection completed
[2025-09-02T05:07:27.218Z] 🐛 Syncing all calendars
[2025-09-02T05:07:27.219Z] 🐛 Starting sync for zoom with config: {
  enabled: true,
  lastSync: '2025-09-02T05:02:28.420Z',
  rateLimitRemaining: undefined
}
[2025-09-02T05:07:27.221Z] 🐛 Syncing zoom platform for user [object Object]
[2025-09-02T05:07:27.221Z] 🐛 zoom sync completed: 18 events
[2025-09-02T05:07:27.221Z] 🐛 Starting sync for teams with config: {
  enabled: true,
  lastSync: '2025-09-02T05:02:28.420Z',
  rateLimitRemaining: undefined
}
[2025-09-02T05:07:27.221Z] 🐛 Syncing teams platform for user [object Object]
[2025-09-02T05:07:27.222Z] 🐛 teams sync completed: 16 events
[2025-09-02T05:07:27.222Z] 🐛 Starting sync for webex with config: {
  enabled: true,
  lastSync: '2025-09-02T05:02:28.420Z',
  rateLimitRemaining: undefined
}
[2025-09-02T05:07:27.222Z] 🐛 Syncing webex platform for user [object Object]
[2025-09-02T05:07:27.222Z] 🐛 webex sync completed: 20 events
[2025-09-02T05:07:27.222Z] 🐛 Starting sync for google with config: {
  enabled: true,
  lastSync: '2025-09-02T05:02:28.421Z',
  rateLimitRemaining: undefined
}
[2025-09-02T05:07:27.222Z] 🐛 Syncing google platform for user [object Object]
[2025-09-02T05:07:27.222Z] 🐛 google sync completed: 12 events
[2025-09-02T05:07:27.222Z] 🐛 Starting sync for slack with config: {
  enabled: true,
  lastSync: '2025-09-02T05:02:28.422Z',
  rateLimitRemaining: undefined
}
[2025-09-02T05:07:27.223Z] 🐛 Syncing slack platform for user [object Object]
[2025-09-02T05:07:27.223Z] 🐛 slack sync completed: 22 events
[2025-09-02T05:07:28.494Z] 🐛 Performing IoT system health check
[2025-09-02T05:07:28.494Z] 🐛 IoT system health check completed
[2025-09-02T05:07:28.494Z] 🐛 Cleaning up inactive IoT devices
[2025-09-02T05:07:28.494Z] 🐛 IoT device cleanup completed
[2025-09-02T05:12:27.196Z] 🐛 Cleaning up expired bookings
[2025-09-02T05:12:27.203Z] 🐛 Updating availability metrics
[2025-09-02T05:12:27.204Z] 🐛 Availability metrics updated
[2025-09-02T05:12:27.205Z] 🐛 Collecting all metrics...
[2025-09-02T05:12:27.205Z] 🐛 Metrics collection completed
[2025-09-02T05:12:27.222Z] 🐛 Syncing all calendars
[2025-09-02T05:12:27.222Z] 🐛 Starting sync for zoom with config: {
  enabled: true,
  lastSync: '2025-09-02T05:07:27.221Z',
  rateLimitRemaining: undefined
}
[2025-09-02T05:12:27.224Z] 🐛 Syncing zoom platform for user [object Object]
[2025-09-02T05:12:27.224Z] 🐛 zoom sync completed: 14 events
[2025-09-02T05:12:27.224Z] 🐛 Starting sync for teams with config: {
  enabled: true,
  lastSync: '2025-09-02T05:07:27.222Z',
  rateLimitRemaining: undefined
}
[2025-09-02T05:12:27.224Z] 🐛 Syncing teams platform for user [object Object]
[2025-09-02T05:12:27.224Z] 🐛 teams sync completed: 11 events
[2025-09-02T05:12:27.224Z] 🐛 Starting sync for webex with config: {
  enabled: true,
  lastSync: '2025-09-02T05:07:27.222Z',
  rateLimitRemaining: undefined
}
[2025-09-02T05:12:27.224Z] 🐛 Syncing webex platform for user [object Object]
[2025-09-02T05:12:27.225Z] 🐛 webex sync completed: 9 events
[2025-09-02T05:12:27.225Z] 🐛 Starting sync for google with config: {
  enabled: true,
  lastSync: '2025-09-02T05:07:27.222Z',
  rateLimitRemaining: undefined
}
[2025-09-02T05:12:27.225Z] 🐛 Syncing google platform for user [object Object]
[2025-09-02T05:12:27.225Z] 🐛 google sync completed: 13 events
[2025-09-02T05:12:27.225Z] 🐛 Starting sync for slack with config: {
  enabled: true,
  lastSync: '2025-09-02T05:07:27.223Z',
  rateLimitRemaining: undefined
}
[2025-09-02T05:12:27.228Z] 🐛 Syncing slack platform for user [object Object]
[2025-09-02T05:12:27.228Z] 🐛 slack sync completed: 8 events
[2025-09-02T05:12:28.500Z] 🐛 Performing IoT system health check
[2025-09-02T05:12:28.500Z] 🐛 IoT system health check completed
[2025-09-02T05:12:28.500Z] 🐛 Cleaning up inactive IoT devices
[2025-09-02T05:12:28.500Z] 🐛 IoT device cleanup completed
[2025-09-02T05:17:27.208Z] 🐛 Cleaning up expired visitors
[2025-09-02T05:17:27.220Z] 🐛 Updating visitor metrics
[2025-09-02T05:17:27.220Z] 🐛 Visitor metrics updated
[2025-09-02T05:17:27.220Z] 🐛 Collecting all metrics...
[2025-09-02T05:17:27.220Z] 🐛 Metrics collection completed
[2025-09-02T05:17:27.226Z] 🐛 Syncing all calendars
[2025-09-02T05:17:27.226Z] 🐛 Starting sync for zoom with config: {
  enabled: true,
  lastSync: '2025-09-02T05:12:27.224Z',
  rateLimitRemaining: undefined
}
[2025-09-02T05:17:27.232Z] 🐛 Syncing zoom platform for user [object Object]
[2025-09-02T05:17:27.232Z] 🐛 zoom sync completed: 20 events
[2025-09-02T05:17:27.232Z] 🐛 Starting sync for teams with config: {
  enabled: true,
  lastSync: '2025-09-02T05:12:27.224Z',
  rateLimitRemaining: undefined
}
[2025-09-02T05:17:27.232Z] 🐛 Syncing teams platform for user [object Object]
[2025-09-02T05:17:27.232Z] 🐛 teams sync completed: 10 events
[2025-09-02T05:17:27.232Z] 🐛 Starting sync for webex with config: {
  enabled: true,
  lastSync: '2025-09-02T05:12:27.225Z',
  rateLimitRemaining: undefined
}
[2025-09-02T05:17:27.232Z] 🐛 Syncing webex platform for user [object Object]
[2025-09-02T05:17:27.232Z] 🐛 webex sync completed: 10 events
[2025-09-02T05:17:27.232Z] 🐛 Starting sync for google with config: {
  enabled: true,
  lastSync: '2025-09-02T05:12:27.225Z',
  rateLimitRemaining: undefined
}
[2025-09-02T05:17:27.232Z] 🐛 Syncing google platform for user [object Object]
[2025-09-02T05:17:27.232Z] 🐛 google sync completed: 16 events
[2025-09-02T05:17:27.233Z] 🐛 Starting sync for slack with config: {
  enabled: true,
  lastSync: '2025-09-02T05:12:27.228Z',
  rateLimitRemaining: undefined
}
[2025-09-02T05:17:27.233Z] 🐛 Syncing slack platform for user [object Object]
[2025-09-02T05:17:27.233Z] 🐛 slack sync completed: 10 events
[2025-09-02T05:17:28.485Z] 🐛 Syncing all calendars
[2025-09-02T05:17:28.485Z] 🐛 Starting sync for zoom with config: {
  enabled: true,
  lastSync: '2025-09-02T05:17:27.232Z',
  rateLimitRemaining: undefined
}
[2025-09-02T05:17:28.485Z] 🐛 Syncing zoom platform for user [object Object]
[2025-09-02T05:17:28.485Z] 🐛 zoom sync completed: 14 events
[2025-09-02T05:17:28.485Z] 🐛 Starting sync for teams with config: {
  enabled: true,
  lastSync: '2025-09-02T05:17:27.232Z',
  rateLimitRemaining: undefined
}
[2025-09-02T05:17:28.485Z] 🐛 Syncing teams platform for user [object Object]
[2025-09-02T05:17:28.485Z] 🐛 teams sync completed: 22 events
[2025-09-02T05:17:28.485Z] 🐛 Starting sync for webex with config: {
  enabled: true,
  lastSync: '2025-09-02T05:17:27.232Z',
  rateLimitRemaining: undefined
}
[2025-09-02T05:17:28.485Z] 🐛 Syncing webex platform for user [object Object]
[2025-09-02T05:17:28.485Z] 🐛 webex sync completed: 22 events
[2025-09-02T05:17:28.485Z] 🐛 Starting sync for google with config: {
  enabled: true,
  lastSync: '2025-09-02T05:17:27.233Z',
  rateLimitRemaining: undefined
}
[2025-09-02T05:17:28.485Z] 🐛 Syncing google platform for user [object Object]
[2025-09-02T05:17:28.485Z] 🐛 google sync completed: 5 events
[2025-09-02T05:17:28.485Z] 🐛 Starting sync for slack with config: {
  enabled: true,
  lastSync: '2025-09-02T05:17:27.233Z',
  rateLimitRemaining: undefined
}
[2025-09-02T05:17:28.485Z] 🐛 Syncing slack platform for user [object Object]
[2025-09-02T05:17:28.485Z] 🐛 slack sync completed: 23 events
[2025-09-02T05:17:28.504Z] 🐛 Performing IoT system health check
[2025-09-02T05:17:28.504Z] 🐛 IoT system health check completed
[2025-09-02T05:17:28.504Z] 🐛 Cleaning up inactive IoT devices
[2025-09-02T05:17:28.504Z] 🐛 IoT device cleanup completed
[2025-09-02T05:22:27.203Z] 🐛 Cleaning up expired bookings
[2025-09-02T05:22:27.214Z] 🐛 Updating availability metrics
[2025-09-02T05:22:27.215Z] 🐛 Availability metrics updated
[2025-09-02T05:22:27.226Z] 🐛 Collecting all metrics...
[2025-09-02T05:22:27.227Z] 🐛 Metrics collection completed
[2025-09-02T05:22:27.232Z] 🐛 Syncing all calendars
[2025-09-02T05:22:27.232Z] 🐛 Starting sync for zoom with config: {
  enabled: true,
  lastSync: '2025-09-02T05:17:28.485Z',
  rateLimitRemaining: undefined
}
[2025-09-02T05:22:27.235Z] 🐛 Syncing zoom platform for user [object Object]
[2025-09-02T05:22:27.236Z] 🐛 zoom sync completed: 5 events
[2025-09-02T05:22:27.236Z] 🐛 Starting sync for teams with config: {
  enabled: true,
  lastSync: '2025-09-02T05:17:28.485Z',
  rateLimitRemaining: undefined
}
[2025-09-02T05:22:27.237Z] 🐛 Syncing teams platform for user [object Object]
[2025-09-02T05:22:27.237Z] 🐛 teams sync completed: 7 events
[2025-09-02T05:22:27.237Z] 🐛 Starting sync for webex with config: {
  enabled: true,
  lastSync: '2025-09-02T05:17:28.485Z',
  rateLimitRemaining: undefined
}
[2025-09-02T05:22:27.237Z] 🐛 Syncing webex platform for user [object Object]
[2025-09-02T05:22:27.237Z] 🐛 webex sync completed: 8 events
[2025-09-02T05:22:27.237Z] 🐛 Starting sync for google with config: {
  enabled: true,
  lastSync: '2025-09-02T05:17:28.485Z',
  rateLimitRemaining: undefined
}
[2025-09-02T05:22:27.237Z] 🐛 Syncing google platform for user [object Object]
[2025-09-02T05:22:27.237Z] 🐛 google sync completed: 24 events
[2025-09-02T05:22:27.237Z] 🐛 Starting sync for slack with config: {
  enabled: true,
  lastSync: '2025-09-02T05:17:28.485Z',
  rateLimitRemaining: undefined
}
[2025-09-02T05:22:27.237Z] 🐛 Syncing slack platform for user [object Object]
[2025-09-02T05:22:27.237Z] 🐛 slack sync completed: 12 events
[2025-09-02T05:22:28.512Z] 🐛 Performing IoT system health check
[2025-09-02T05:22:28.512Z] 🐛 IoT system health check completed
[2025-09-02T05:22:28.512Z] 🐛 Cleaning up inactive IoT devices
[2025-09-02T05:22:28.512Z] 🐛 IoT device cleanup completed
[2025-09-02T05:27:27.234Z] 🐛 Collecting all metrics...
[2025-09-02T05:27:27.241Z] 🐛 Metrics collection completed
[2025-09-02T05:27:27.242Z] 🐛 Syncing all calendars
[2025-09-02T05:27:27.243Z] 🐛 Starting sync for zoom with config: {
  enabled: true,
  lastSync: '2025-09-02T05:22:27.236Z',
  rateLimitRemaining: undefined
}
[2025-09-02T05:27:27.244Z] 🐛 Syncing zoom platform for user [object Object]
[2025-09-02T05:27:27.244Z] 🐛 zoom sync completed: 5 events
[2025-09-02T05:27:27.244Z] 🐛 Starting sync for teams with config: {
  enabled: true,
  lastSync: '2025-09-02T05:22:27.237Z',
  rateLimitRemaining: undefined
}
[2025-09-02T05:27:27.244Z] 🐛 Syncing teams platform for user [object Object]
[2025-09-02T05:27:27.245Z] 🐛 teams sync completed: 7 events
[2025-09-02T05:27:27.245Z] 🐛 Starting sync for webex with config: {
  enabled: true,
  lastSync: '2025-09-02T05:22:27.237Z',
  rateLimitRemaining: undefined
}
[2025-09-02T05:27:27.245Z] 🐛 Syncing webex platform for user [object Object]
[2025-09-02T05:27:27.245Z] 🐛 webex sync completed: 20 events
[2025-09-02T05:27:27.245Z] 🐛 Starting sync for google with config: {
  enabled: true,
  lastSync: '2025-09-02T05:22:27.237Z',
  rateLimitRemaining: undefined
}
[2025-09-02T05:27:27.251Z] 🐛 Syncing google platform for user [object Object]
[2025-09-02T05:27:27.251Z] 🐛 google sync completed: 6 events
[2025-09-02T05:27:27.251Z] 🐛 Starting sync for slack with config: {
  enabled: true,
  lastSync: '2025-09-02T05:22:27.237Z',
  rateLimitRemaining: undefined
}
[2025-09-02T05:27:27.251Z] 🐛 Syncing slack platform for user [object Object]
[2025-09-02T05:27:27.251Z] 🐛 slack sync completed: 8 events
[2025-09-02T05:27:28.518Z] 🐛 Performing IoT system health check
[2025-09-02T05:27:28.518Z] 🐛 IoT system health check completed
[2025-09-02T05:27:28.518Z] 🐛 Cleaning up inactive IoT devices
[2025-09-02T05:27:28.518Z] 🐛 IoT device cleanup completed
[2025-09-02T05:32:27.212Z] 🐛 Cleaning up expired bookings
[2025-09-02T05:32:27.224Z] 🐛 Updating availability metrics
[2025-09-02T05:32:27.224Z] 🐛 Availability metrics updated
[2025-09-02T05:32:27.225Z] 🐛 Cleaning up expired visitors
[2025-09-02T05:32:27.225Z] 🐛 Updating visitor metrics
[2025-09-02T05:32:27.225Z] 🐛 Visitor metrics updated
[2025-09-02T05:32:27.234Z] 🐛 Collecting all metrics...
[2025-09-02T05:32:27.234Z] 🐛 Metrics collection completed
[2025-09-02T05:32:27.246Z] 🐛 Syncing all calendars
[2025-09-02T05:32:27.246Z] 🐛 Starting sync for zoom with config: {
  enabled: true,
  lastSync: '2025-09-02T05:27:27.244Z',
  rateLimitRemaining: undefined
}
[2025-09-02T05:32:27.247Z] 🐛 Syncing zoom platform for user [object Object]
[2025-09-02T05:32:27.247Z] 🐛 zoom sync completed: 24 events
[2025-09-02T05:32:27.247Z] 🐛 Starting sync for teams with config: {
  enabled: true,
  lastSync: '2025-09-02T05:27:27.245Z',
  rateLimitRemaining: undefined
}
[2025-09-02T05:32:27.247Z] 🐛 Syncing teams platform for user [object Object]
[2025-09-02T05:32:27.247Z] 🐛 teams sync completed: 10 events
[2025-09-02T05:32:27.247Z] 🐛 Starting sync for webex with config: {
  enabled: true,
  lastSync: '2025-09-02T05:27:27.245Z',
  rateLimitRemaining: undefined
}
[2025-09-02T05:32:27.248Z] 🐛 Syncing webex platform for user [object Object]
[2025-09-02T05:32:27.248Z] 🐛 webex sync completed: 24 events
[2025-09-02T05:32:27.248Z] 🐛 Starting sync for google with config: {
  enabled: true,
  lastSync: '2025-09-02T05:27:27.251Z',
  rateLimitRemaining: undefined
}
[2025-09-02T05:32:27.248Z] 🐛 Syncing google platform for user [object Object]
[2025-09-02T05:32:27.248Z] 🐛 google sync completed: 23 events
[2025-09-02T05:32:27.248Z] 🐛 Starting sync for slack with config: {
  enabled: true,
  lastSync: '2025-09-02T05:27:27.252Z',
  rateLimitRemaining: undefined
}
[2025-09-02T05:32:27.248Z] 🐛 Syncing slack platform for user [object Object]
[2025-09-02T05:32:27.248Z] 🐛 slack sync completed: 10 events
[2025-09-02T05:32:28.496Z] 🐛 Syncing all calendars
[2025-09-02T05:32:28.496Z] 🐛 Starting sync for zoom with config: {
  enabled: true,
  lastSync: '2025-09-02T05:32:27.247Z',
  rateLimitRemaining: undefined
}
[2025-09-02T05:32:28.497Z] 🐛 Syncing zoom platform for user [object Object]
[2025-09-02T05:32:28.497Z] 🐛 zoom sync completed: 13 events
[2025-09-02T05:32:28.497Z] 🐛 Starting sync for teams with config: {
  enabled: true,
  lastSync: '2025-09-02T05:32:27.247Z',
  rateLimitRemaining: undefined
}
[2025-09-02T05:32:28.497Z] 🐛 Syncing teams platform for user [object Object]
[2025-09-02T05:32:28.497Z] 🐛 teams sync completed: 11 events
[2025-09-02T05:32:28.497Z] 🐛 Starting sync for webex with config: {
  enabled: true,
  lastSync: '2025-09-02T05:32:27.248Z',
  rateLimitRemaining: undefined
}
[2025-09-02T05:32:28.497Z] 🐛 Syncing webex platform for user [object Object]
[2025-09-02T05:32:28.497Z] 🐛 webex sync completed: 8 events
[2025-09-02T05:32:28.497Z] 🐛 Starting sync for google with config: {
  enabled: true,
  lastSync: '2025-09-02T05:32:27.248Z',
  rateLimitRemaining: undefined
}
[2025-09-02T05:32:28.498Z] 🐛 Syncing google platform for user [object Object]
[2025-09-02T05:32:28.498Z] 🐛 google sync completed: 5 events
[2025-09-02T05:32:28.498Z] 🐛 Starting sync for slack with config: {
  enabled: true,
  lastSync: '2025-09-02T05:32:27.248Z',
  rateLimitRemaining: undefined
}
[2025-09-02T05:32:28.498Z] 🐛 Syncing slack platform for user [object Object]
[2025-09-02T05:32:28.498Z] 🐛 slack sync completed: 5 events
[2025-09-02T05:32:28.520Z] 🐛 Performing IoT system health check
[2025-09-02T05:32:28.520Z] 🐛 IoT system health check completed
[2025-09-02T05:32:28.520Z] 🐛 Cleaning up inactive IoT devices
[2025-09-02T05:32:28.520Z] 🐛 IoT device cleanup completed
[2025-09-02T05:37:27.205Z] 🐛 Collecting all metrics...
[2025-09-02T05:37:27.212Z] 🐛 Metrics collection completed
[2025-09-02T05:37:27.214Z] 🐛 Syncing all calendars
[2025-09-02T05:37:27.214Z] 🐛 Starting sync for zoom with config: {
  enabled: true,
  lastSync: '2025-09-02T05:32:28.497Z',
  rateLimitRemaining: undefined
}
[2025-09-02T05:37:27.217Z] 🐛 Syncing zoom platform for user [object Object]
[2025-09-02T05:37:27.217Z] 🐛 zoom sync completed: 9 events
[2025-09-02T05:37:27.217Z] 🐛 Starting sync for teams with config: {
  enabled: true,
  lastSync: '2025-09-02T05:32:28.497Z',
  rateLimitRemaining: undefined
}
[2025-09-02T05:37:27.217Z] 🐛 Syncing teams platform for user [object Object]
[2025-09-02T05:37:27.217Z] 🐛 teams sync completed: 7 events
[2025-09-02T05:37:27.217Z] 🐛 Starting sync for webex with config: {
  enabled: true,
  lastSync: '2025-09-02T05:32:28.497Z',
  rateLimitRemaining: undefined
}
[2025-09-02T05:37:27.217Z] 🐛 Syncing webex platform for user [object Object]
[2025-09-02T05:37:27.217Z] 🐛 webex sync completed: 12 events
[2025-09-02T05:37:27.217Z] 🐛 Starting sync for google with config: {
  enabled: true,
  lastSync: '2025-09-02T05:32:28.498Z',
  rateLimitRemaining: undefined
}
[2025-09-02T05:37:27.217Z] 🐛 Syncing google platform for user [object Object]
[2025-09-02T05:37:27.217Z] 🐛 google sync completed: 8 events
[2025-09-02T05:37:27.217Z] 🐛 Starting sync for slack with config: {
  enabled: true,
  lastSync: '2025-09-02T05:32:28.498Z',
  rateLimitRemaining: undefined
}
[2025-09-02T05:37:27.217Z] 🐛 Syncing slack platform for user [object Object]
[2025-09-02T05:37:27.217Z] 🐛 slack sync completed: 8 events
[2025-09-02T05:37:28.489Z] 🐛 Performing IoT system health check
[2025-09-02T05:37:28.489Z] 🐛 IoT system health check completed
[2025-09-02T05:37:28.489Z] 🐛 Cleaning up inactive IoT devices
[2025-09-02T05:37:28.489Z] 🐛 IoT device cleanup completed
[2025-09-02T05:42:27.175Z] 🐛 Cleaning up expired bookings
[2025-09-02T05:42:27.183Z] 🐛 Updating availability metrics
[2025-09-02T05:42:27.183Z] 🐛 Availability metrics updated
[2025-09-02T05:42:27.197Z] 🐛 Collecting all metrics...
[2025-09-02T05:42:27.197Z] 🐛 Metrics collection completed
[2025-09-02T05:42:27.208Z] 🐛 Syncing all calendars
[2025-09-02T05:42:27.208Z] 🐛 Starting sync for zoom with config: {
  enabled: true,
  lastSync: '2025-09-02T05:37:27.217Z',
  rateLimitRemaining: undefined
}
[2025-09-02T05:42:27.209Z] 🐛 Syncing zoom platform for user [object Object]
[2025-09-02T05:42:27.210Z] 🐛 zoom sync completed: 23 events
[2025-09-02T05:42:27.210Z] 🐛 Starting sync for teams with config: {
  enabled: true,
  lastSync: '2025-09-02T05:37:27.217Z',
  rateLimitRemaining: undefined
}
[2025-09-02T05:42:27.213Z] 🐛 Syncing teams platform for user [object Object]
[2025-09-02T05:42:27.213Z] 🐛 teams sync completed: 15 events
[2025-09-02T05:42:27.213Z] 🐛 Starting sync for webex with config: {
  enabled: true,
  lastSync: '2025-09-02T05:37:27.217Z',
  rateLimitRemaining: undefined
}
[2025-09-02T05:42:27.213Z] 🐛 Syncing webex platform for user [object Object]
[2025-09-02T05:42:27.213Z] 🐛 webex sync completed: 20 events
[2025-09-02T05:42:27.213Z] 🐛 Starting sync for google with config: {
  enabled: true,
  lastSync: '2025-09-02T05:37:27.217Z',
  rateLimitRemaining: undefined
}
[2025-09-02T05:42:27.213Z] 🐛 Syncing google platform for user [object Object]
[2025-09-02T05:42:27.213Z] 🐛 google sync completed: 14 events
[2025-09-02T05:42:27.213Z] 🐛 Starting sync for slack with config: {
  enabled: true,
  lastSync: '2025-09-02T05:37:27.217Z',
  rateLimitRemaining: undefined
}
[2025-09-02T05:42:27.213Z] 🐛 Syncing slack platform for user [object Object]
[2025-09-02T05:42:27.213Z] 🐛 slack sync completed: 20 events
[2025-09-02T05:42:28.485Z] 🐛 Performing IoT system health check
[2025-09-02T05:42:28.485Z] 🐛 IoT system health check completed
[2025-09-02T05:42:28.485Z] 🐛 Cleaning up inactive IoT devices
[2025-09-02T05:42:28.485Z] 🐛 IoT device cleanup completed
[2025-09-02T05:51:38.563Z] 🐛 Cleaning up expired visitors
[2025-09-02T05:51:38.572Z] 🐛 Updating visitor metrics
[2025-09-02T05:51:38.572Z] 🐛 Visitor metrics updated
[2025-09-02T05:51:38.572Z] 🐛 Syncing all calendars
[2025-09-02T05:51:38.573Z] 🐛 Starting sync for zoom with config: {
  enabled: true,
  lastSync: '2025-09-02T05:42:27.210Z',
  rateLimitRemaining: undefined
}
[2025-09-02T05:51:38.575Z] 🐛 Syncing zoom platform for user [object Object]
[2025-09-02T05:51:38.575Z] 🐛 zoom sync completed: 10 events
[2025-09-02T05:51:38.575Z] 🐛 Starting sync for teams with config: {
  enabled: true,
  lastSync: '2025-09-02T05:42:27.213Z',
  rateLimitRemaining: undefined
}
[2025-09-02T05:51:38.575Z] 🐛 Syncing teams platform for user [object Object]
[2025-09-02T05:51:38.575Z] 🐛 teams sync completed: 17 events
[2025-09-02T05:51:38.575Z] 🐛 Starting sync for webex with config: {
  enabled: true,
  lastSync: '2025-09-02T05:42:27.213Z',
  rateLimitRemaining: undefined
}
[2025-09-02T05:51:38.575Z] 🐛 Syncing webex platform for user [object Object]
[2025-09-02T05:51:38.575Z] 🐛 webex sync completed: 15 events
[2025-09-02T05:51:38.575Z] 🐛 Starting sync for google with config: {
  enabled: true,
  lastSync: '2025-09-02T05:42:27.213Z',
  rateLimitRemaining: undefined
}
[2025-09-02T05:51:38.575Z] 🐛 Syncing google platform for user [object Object]
[2025-09-02T05:51:38.575Z] 🐛 google sync completed: 24 events
[2025-09-02T05:51:38.575Z] 🐛 Starting sync for slack with config: {
  enabled: true,
  lastSync: '2025-09-02T05:42:27.213Z',
  rateLimitRemaining: undefined
}
[2025-09-02T05:51:38.576Z] 🐛 Syncing slack platform for user [object Object]
[2025-09-02T05:51:38.576Z] 🐛 slack sync completed: 21 events
[2025-09-02T05:51:38.579Z] 🐛 Collecting all metrics...
[2025-09-02T05:51:38.579Z] 🐛 Metrics collection completed
[2025-09-02T05:51:38.579Z] 🐛 Syncing all calendars
[2025-09-02T05:51:38.579Z] 🐛 Starting sync for zoom with config: {
  enabled: true,
  lastSync: '2025-09-02T05:51:38.575Z',
  rateLimitRemaining: undefined
}
[2025-09-02T05:51:38.579Z] 🐛 Syncing zoom platform for user [object Object]
[2025-09-02T05:51:38.579Z] 🐛 zoom sync completed: 21 events
[2025-09-02T05:51:38.579Z] 🐛 Starting sync for teams with config: {
  enabled: true,
  lastSync: '2025-09-02T05:51:38.575Z',
  rateLimitRemaining: undefined
}
[2025-09-02T05:51:38.579Z] 🐛 Syncing teams platform for user [object Object]
[2025-09-02T05:51:38.579Z] 🐛 teams sync completed: 5 events
[2025-09-02T05:51:38.579Z] 🐛 Starting sync for webex with config: {
  enabled: true,
  lastSync: '2025-09-02T05:51:38.575Z',
  rateLimitRemaining: undefined
}
[2025-09-02T05:51:38.580Z] 🐛 Syncing webex platform for user [object Object]
[2025-09-02T05:51:38.580Z] 🐛 webex sync completed: 14 events
[2025-09-02T05:51:38.580Z] 🐛 Starting sync for google with config: {
  enabled: true,
  lastSync: '2025-09-02T05:51:38.575Z',
  rateLimitRemaining: undefined
}
[2025-09-02T05:51:38.580Z] 🐛 Syncing google platform for user [object Object]
[2025-09-02T05:51:38.580Z] 🐛 google sync completed: 23 events
[2025-09-02T05:51:38.580Z] 🐛 Starting sync for slack with config: {
  enabled: true,
  lastSync: '2025-09-02T05:51:38.576Z',
  rateLimitRemaining: undefined
}
[2025-09-02T05:51:38.580Z] 🐛 Syncing slack platform for user [object Object]
[2025-09-02T05:51:38.580Z] 🐛 slack sync completed: 21 events
[2025-09-02T05:51:38.580Z] 🐛 Performing IoT system health check
[2025-09-02T05:51:38.580Z] 🐛 IoT system health check completed
[2025-09-02T05:51:38.580Z] 🐛 Cleaning up inactive IoT devices
[2025-09-02T05:51:38.580Z] 🐛 IoT device cleanup completed
[2025-09-02T05:52:27.173Z] 🐛 Cleaning up expired bookings
[2025-09-02T05:52:27.174Z] 🐛 Updating availability metrics
[2025-09-02T05:52:27.174Z] 🐛 Availability metrics updated
[2025-09-02T06:09:51.626Z] 🐛 Collecting all metrics...
[2025-09-02T06:09:51.630Z] 🐛 Metrics collection completed
[2025-09-02T06:09:51.631Z] 🐛 Syncing all calendars
[2025-09-02T06:09:51.631Z] 🐛 Starting sync for zoom with config: {
  enabled: true,
  lastSync: '2025-09-02T05:51:38.579Z',
  rateLimitRemaining: undefined
}
[2025-09-02T06:09:51.633Z] 🐛 Syncing zoom platform for user [object Object]
[2025-09-02T06:09:51.633Z] 🐛 zoom sync completed: 20 events
[2025-09-02T06:09:51.633Z] 🐛 Starting sync for teams with config: {
  enabled: true,
  lastSync: '2025-09-02T05:51:38.579Z',
  rateLimitRemaining: undefined
}
[2025-09-02T06:09:51.633Z] 🐛 Syncing teams platform for user [object Object]
[2025-09-02T06:09:51.633Z] 🐛 teams sync completed: 21 events
[2025-09-02T06:09:51.633Z] 🐛 Starting sync for webex with config: {
  enabled: true,
  lastSync: '2025-09-02T05:51:38.580Z',
  rateLimitRemaining: undefined
}
[2025-09-02T06:09:51.633Z] 🐛 Syncing webex platform for user [object Object]
[2025-09-02T06:09:51.633Z] 🐛 webex sync completed: 6 events
[2025-09-02T06:09:51.633Z] 🐛 Starting sync for google with config: {
  enabled: true,
  lastSync: '2025-09-02T05:51:38.580Z',
  rateLimitRemaining: undefined
}
[2025-09-02T06:09:51.633Z] 🐛 Syncing google platform for user [object Object]
[2025-09-02T06:09:51.633Z] 🐛 google sync completed: 22 events
[2025-09-02T06:09:51.633Z] 🐛 Starting sync for slack with config: {
  enabled: true,
  lastSync: '2025-09-02T05:51:38.580Z',
  rateLimitRemaining: undefined
}
[2025-09-02T06:09:51.633Z] 🐛 Syncing slack platform for user [object Object]
[2025-09-02T06:09:51.633Z] 🐛 slack sync completed: 10 events
[2025-09-02T06:09:51.633Z] 🐛 Performing IoT system health check
[2025-09-02T06:09:51.633Z] 🐛 IoT system health check completed
[2025-09-02T06:09:51.633Z] 🐛 Cleaning up inactive IoT devices
[2025-09-02T06:09:51.633Z] 🐛 IoT device cleanup completed
[2025-09-02T06:09:51.634Z] 🐛 Cleaning up expired bookings
[2025-09-02T06:09:51.635Z] 🐛 Updating availability metrics
[2025-09-02T06:09:51.635Z] 🐛 Availability metrics updated
[2025-09-02T06:09:51.636Z] 🐛 Cleaning up expired visitors
[2025-09-02T06:09:51.637Z] 🐛 Updating visitor metrics
[2025-09-02T06:09:51.637Z] 🐛 Visitor metrics updated
[2025-09-02T06:09:51.637Z] 🐛 Syncing all calendars
[2025-09-02T06:09:51.638Z] 🐛 Starting sync for zoom with config: {
  enabled: true,
  lastSync: '2025-09-02T06:09:51.633Z',
  rateLimitRemaining: undefined
}
[2025-09-02T06:09:51.638Z] 🐛 Syncing zoom platform for user [object Object]
[2025-09-02T06:09:51.638Z] 🐛 zoom sync completed: 23 events
[2025-09-02T06:09:51.638Z] 🐛 Starting sync for teams with config: {
  enabled: true,
  lastSync: '2025-09-02T06:09:51.633Z',
  rateLimitRemaining: undefined
}
[2025-09-02T06:09:51.638Z] 🐛 Syncing teams platform for user [object Object]
[2025-09-02T06:09:51.638Z] 🐛 teams sync completed: 21 events
[2025-09-02T06:09:51.638Z] 🐛 Starting sync for webex with config: {
  enabled: true,
  lastSync: '2025-09-02T06:09:51.633Z',
  rateLimitRemaining: undefined
}
[2025-09-02T06:09:51.638Z] 🐛 Syncing webex platform for user [object Object]
[2025-09-02T06:09:51.638Z] 🐛 webex sync completed: 21 events
[2025-09-02T06:09:51.638Z] 🐛 Starting sync for google with config: {
  enabled: true,
  lastSync: '2025-09-02T06:09:51.633Z',
  rateLimitRemaining: undefined
}
[2025-09-02T06:09:51.638Z] 🐛 Syncing google platform for user [object Object]
[2025-09-02T06:09:51.638Z] 🐛 google sync completed: 7 events
[2025-09-02T06:09:51.638Z] 🐛 Starting sync for slack with config: {
  enabled: true,
  lastSync: '2025-09-02T06:09:51.633Z',
  rateLimitRemaining: undefined
}
[2025-09-02T06:09:51.638Z] 🐛 Syncing slack platform for user [object Object]
[2025-09-02T06:09:51.638Z] 🐛 slack sync completed: 21 events
[2025-09-02T06:28:40.722Z] 🐛 Collecting all metrics...
[2025-09-02T06:28:40.728Z] 🐛 Metrics collection completed
[2025-09-02T06:28:40.728Z] 🐛 Syncing all calendars
[2025-09-02T06:28:40.728Z] 🐛 Starting sync for zoom with config: {
  enabled: true,
  lastSync: '2025-09-02T06:09:51.638Z',
  rateLimitRemaining: undefined
}
[2025-09-02T06:28:40.731Z] 🐛 Syncing zoom platform for user [object Object]
[2025-09-02T06:28:40.731Z] 🐛 zoom sync completed: 14 events
[2025-09-02T06:28:40.731Z] 🐛 Starting sync for teams with config: {
  enabled: true,
  lastSync: '2025-09-02T06:09:51.638Z',
  rateLimitRemaining: undefined
}
[2025-09-02T06:28:40.731Z] 🐛 Syncing teams platform for user [object Object]
[2025-09-02T06:28:40.731Z] 🐛 teams sync completed: 11 events
[2025-09-02T06:28:40.731Z] 🐛 Starting sync for webex with config: {
  enabled: true,
  lastSync: '2025-09-02T06:09:51.638Z',
  rateLimitRemaining: undefined
}
[2025-09-02T06:28:40.731Z] 🐛 Syncing webex platform for user [object Object]
[2025-09-02T06:28:40.731Z] 🐛 webex sync completed: 20 events
[2025-09-02T06:28:40.731Z] 🐛 Starting sync for google with config: {
  enabled: true,
  lastSync: '2025-09-02T06:09:51.638Z',
  rateLimitRemaining: undefined
}
[2025-09-02T06:28:40.732Z] 🐛 Syncing google platform for user [object Object]
[2025-09-02T06:28:40.732Z] 🐛 google sync completed: 7 events
[2025-09-02T06:28:40.732Z] 🐛 Starting sync for slack with config: {
  enabled: true,
  lastSync: '2025-09-02T06:09:51.638Z',
  rateLimitRemaining: undefined
}
[2025-09-02T06:28:40.732Z] 🐛 Syncing slack platform for user [object Object]
[2025-09-02T06:28:40.732Z] 🐛 slack sync completed: 7 events
[2025-09-02T06:28:40.732Z] 🐛 Performing IoT system health check
[2025-09-02T06:28:40.732Z] 🐛 IoT system health check completed
[2025-09-02T06:28:40.732Z] 🐛 Cleaning up inactive IoT devices
[2025-09-02T06:28:40.732Z] 🐛 IoT device cleanup completed
[2025-09-02T06:28:40.733Z] 🐛 Cleaning up expired bookings
[2025-09-02T06:28:40.733Z] 🐛 Updating availability metrics
[2025-09-02T06:28:40.733Z] 🐛 Availability metrics updated
[2025-09-02T06:28:40.734Z] 🐛 Cleaning up expired visitors
[2025-09-02T06:28:40.745Z] 🐛 Updating visitor metrics
[2025-09-02T06:28:40.745Z] 🐛 Visitor metrics updated
[2025-09-02T06:28:40.745Z] 🐛 Syncing all calendars
[2025-09-02T06:28:40.745Z] 🐛 Starting sync for zoom with config: {
  enabled: true,
  lastSync: '2025-09-02T06:28:40.731Z',
  rateLimitRemaining: undefined
}
[2025-09-02T06:28:40.745Z] 🐛 Syncing zoom platform for user [object Object]
[2025-09-02T06:28:40.745Z] 🐛 zoom sync completed: 21 events
[2025-09-02T06:28:40.753Z] 🐛 Starting sync for teams with config: {
  enabled: true,
  lastSync: '2025-09-02T06:28:40.731Z',
  rateLimitRemaining: undefined
}
[2025-09-02T06:28:40.753Z] 🐛 Syncing teams platform for user [object Object]
[2025-09-02T06:28:40.753Z] 🐛 teams sync completed: 21 events
[2025-09-02T06:28:40.753Z] 🐛 Starting sync for webex with config: {
  enabled: true,
  lastSync: '2025-09-02T06:28:40.731Z',
  rateLimitRemaining: undefined
}
[2025-09-02T06:28:40.753Z] 🐛 Syncing webex platform for user [object Object]
[2025-09-02T06:28:40.753Z] 🐛 webex sync completed: 20 events
[2025-09-02T06:28:40.753Z] 🐛 Starting sync for google with config: {
  enabled: true,
  lastSync: '2025-09-02T06:28:40.732Z',
  rateLimitRemaining: undefined
}
[2025-09-02T06:28:40.753Z] 🐛 Syncing google platform for user [object Object]
[2025-09-02T06:28:40.753Z] 🐛 google sync completed: 12 events
[2025-09-02T06:28:40.753Z] 🐛 Starting sync for slack with config: {
  enabled: true,
  lastSync: '2025-09-02T06:28:40.732Z',
  rateLimitRemaining: undefined
}
[2025-09-02T06:28:40.753Z] 🐛 Syncing slack platform for user [object Object]
[2025-09-02T06:28:40.753Z] 🐛 slack sync completed: 7 events
[2025-09-02T06:48:25.790Z] 🐛 Collecting all metrics...
[2025-09-02T06:48:25.793Z] 🐛 Metrics collection completed
[2025-09-02T06:48:25.793Z] 🐛 Syncing all calendars
[2025-09-02T06:48:25.793Z] 🐛 Starting sync for zoom with config: {
  enabled: true,
  lastSync: '2025-09-02T06:28:40.753Z',
  rateLimitRemaining: undefined
}
[2025-09-02T06:48:25.794Z] 🐛 Syncing zoom platform for user [object Object]
[2025-09-02T06:48:25.794Z] 🐛 zoom sync completed: 23 events
[2025-09-02T06:48:25.794Z] 🐛 Starting sync for teams with config: {
  enabled: true,
  lastSync: '2025-09-02T06:28:40.753Z',
  rateLimitRemaining: undefined
}
[2025-09-02T06:48:25.794Z] 🐛 Syncing teams platform for user [object Object]
[2025-09-02T06:48:25.794Z] 🐛 teams sync completed: 13 events
[2025-09-02T06:48:25.794Z] 🐛 Starting sync for webex with config: {
  enabled: true,
  lastSync: '2025-09-02T06:28:40.753Z',
  rateLimitRemaining: undefined
}
[2025-09-02T06:48:25.794Z] 🐛 Syncing webex platform for user [object Object]
[2025-09-02T06:48:25.795Z] 🐛 webex sync completed: 6 events
[2025-09-02T06:48:25.795Z] 🐛 Starting sync for google with config: {
  enabled: true,
  lastSync: '2025-09-02T06:28:40.753Z',
  rateLimitRemaining: undefined
}
[2025-09-02T06:48:25.795Z] 🐛 Syncing google platform for user [object Object]
[2025-09-02T06:48:25.795Z] 🐛 google sync completed: 20 events
[2025-09-02T06:48:25.795Z] 🐛 Starting sync for slack with config: {
  enabled: true,
  lastSync: '2025-09-02T06:28:40.753Z',
  rateLimitRemaining: undefined
}
[2025-09-02T06:48:25.795Z] 🐛 Syncing slack platform for user [object Object]
[2025-09-02T06:48:25.795Z] 🐛 slack sync completed: 6 events
[2025-09-02T06:48:25.795Z] 🐛 Performing IoT system health check
[2025-09-02T06:48:25.795Z] 🐛 IoT system health check completed
[2025-09-02T06:48:25.795Z] 🐛 Cleaning up inactive IoT devices
[2025-09-02T06:48:25.795Z] 🐛 IoT device cleanup completed
[2025-09-02T06:48:25.796Z] 🐛 Cleaning up expired bookings
[2025-09-02T06:48:25.796Z] 🐛 Updating availability metrics
[2025-09-02T06:48:25.796Z] 🐛 Availability metrics updated
[2025-09-02T06:48:25.796Z] 🐛 Cleaning up expired visitors
[2025-09-02T06:48:25.797Z] 🐛 Updating visitor metrics
[2025-09-02T06:48:25.797Z] 🐛 Visitor metrics updated
[2025-09-02T06:48:25.798Z] 🐛 Syncing all calendars
[2025-09-02T06:48:25.798Z] 🐛 Starting sync for zoom with config: {
  enabled: true,
  lastSync: '2025-09-02T06:48:25.794Z',
  rateLimitRemaining: undefined
}
[2025-09-02T06:48:25.798Z] 🐛 Syncing zoom platform for user [object Object]
[2025-09-02T06:48:25.798Z] 🐛 zoom sync completed: 15 events
[2025-09-02T06:48:25.799Z] 🐛 Starting sync for teams with config: {
  enabled: true,
  lastSync: '2025-09-02T06:48:25.794Z',
  rateLimitRemaining: undefined
}
[2025-09-02T06:48:25.799Z] 🐛 Syncing teams platform for user [object Object]
[2025-09-02T06:48:25.799Z] 🐛 teams sync completed: 18 events
[2025-09-02T06:48:25.799Z] 🐛 Starting sync for webex with config: {
  enabled: true,
  lastSync: '2025-09-02T06:48:25.795Z',
  rateLimitRemaining: undefined
}
[2025-09-02T06:48:25.800Z] 🐛 Syncing webex platform for user [object Object]
[2025-09-02T06:48:25.800Z] 🐛 webex sync completed: 9 events
[2025-09-02T06:48:25.800Z] 🐛 Starting sync for google with config: {
  enabled: true,
  lastSync: '2025-09-02T06:48:25.795Z',
  rateLimitRemaining: undefined
}
[2025-09-02T06:48:25.800Z] 🐛 Syncing google platform for user [object Object]
[2025-09-02T06:48:25.800Z] 🐛 google sync completed: 21 events
[2025-09-02T06:48:25.800Z] 🐛 Starting sync for slack with config: {
  enabled: true,
  lastSync: '2025-09-02T06:48:25.795Z',
  rateLimitRemaining: undefined
}
[2025-09-02T06:48:25.800Z] 🐛 Syncing slack platform for user [object Object]
[2025-09-02T06:48:25.800Z] 🐛 slack sync completed: 11 events
[2025-09-02T07:05:25.796Z] 🐛 Collecting all metrics...
[2025-09-02T07:05:25.797Z] 🐛 Metrics collection completed
[2025-09-02T07:05:25.797Z] 🐛 Syncing all calendars
[2025-09-02T07:05:25.797Z] 🐛 Starting sync for zoom with config: {
  enabled: true,
  lastSync: '2025-09-02T06:48:25.799Z',
  rateLimitRemaining: undefined
}
[2025-09-02T07:05:25.797Z] 🐛 Syncing zoom platform for user [object Object]
[2025-09-02T07:05:25.797Z] 🐛 zoom sync completed: 22 events
[2025-09-02T07:05:25.797Z] 🐛 Starting sync for teams with config: {
  enabled: true,
  lastSync: '2025-09-02T06:48:25.799Z',
  rateLimitRemaining: undefined
}
[2025-09-02T07:05:25.797Z] 🐛 Syncing teams platform for user [object Object]
[2025-09-02T07:05:25.797Z] 🐛 teams sync completed: 15 events
[2025-09-02T07:05:25.797Z] 🐛 Starting sync for webex with config: {
  enabled: true,
  lastSync: '2025-09-02T06:48:25.800Z',
  rateLimitRemaining: undefined
}
[2025-09-02T07:05:25.797Z] 🐛 Syncing webex platform for user [object Object]
[2025-09-02T07:05:25.797Z] 🐛 webex sync completed: 8 events
[2025-09-02T07:05:25.797Z] 🐛 Starting sync for google with config: {
  enabled: true,
  lastSync: '2025-09-02T06:48:25.800Z',
  rateLimitRemaining: undefined
}
[2025-09-02T07:05:25.797Z] 🐛 Syncing google platform for user [object Object]
[2025-09-02T07:05:25.797Z] 🐛 google sync completed: 10 events
[2025-09-02T07:05:25.797Z] 🐛 Starting sync for slack with config: {
  enabled: true,
  lastSync: '2025-09-02T06:48:25.800Z',
  rateLimitRemaining: undefined
}
[2025-09-02T07:05:25.797Z] 🐛 Syncing slack platform for user [object Object]
[2025-09-02T07:05:25.797Z] 🐛 slack sync completed: 12 events
[2025-09-02T07:05:25.797Z] 🐛 Performing IoT system health check
[2025-09-02T07:05:25.797Z] 🐛 IoT system health check completed
[2025-09-02T07:05:25.797Z] 🐛 Cleaning up inactive IoT devices
[2025-09-02T07:05:25.797Z] 🐛 IoT device cleanup completed
[2025-09-02T07:05:25.798Z] 🐛 Cleaning up expired bookings
[2025-09-02T07:05:25.798Z] 🐛 Updating availability metrics
[2025-09-02T07:05:25.798Z] 🐛 Availability metrics updated
[2025-09-02T07:05:25.798Z] 🐛 Cleaning up expired visitors
[2025-09-02T07:05:25.798Z] 🐛 Updating visitor metrics
[2025-09-02T07:05:25.798Z] 🐛 Visitor metrics updated
[2025-09-02T07:05:25.799Z] 🐛 Syncing all calendars
[2025-09-02T07:05:25.800Z] 🐛 Starting sync for zoom with config: {
  enabled: true,
  lastSync: '2025-09-02T07:05:25.797Z',
  rateLimitRemaining: undefined
}
[2025-09-02T07:05:25.800Z] 🐛 Syncing zoom platform for user [object Object]
[2025-09-02T07:05:25.800Z] 🐛 zoom sync completed: 7 events
[2025-09-02T07:05:25.800Z] 🐛 Starting sync for teams with config: {
  enabled: true,
  lastSync: '2025-09-02T07:05:25.797Z',
  rateLimitRemaining: undefined
}
[2025-09-02T07:05:25.800Z] 🐛 Syncing teams platform for user [object Object]
[2025-09-02T07:05:25.800Z] 🐛 teams sync completed: 15 events
[2025-09-02T07:05:25.800Z] 🐛 Starting sync for webex with config: {
  enabled: true,
  lastSync: '2025-09-02T07:05:25.797Z',
  rateLimitRemaining: undefined
}
[2025-09-02T07:05:25.800Z] 🐛 Syncing webex platform for user [object Object]
[2025-09-02T07:05:25.800Z] 🐛 webex sync completed: 5 events
[2025-09-02T07:05:25.800Z] 🐛 Starting sync for google with config: {
  enabled: true,
  lastSync: '2025-09-02T07:05:25.797Z',
  rateLimitRemaining: undefined
}
[2025-09-02T07:05:25.800Z] 🐛 Syncing google platform for user [object Object]
[2025-09-02T07:05:25.800Z] 🐛 google sync completed: 16 events
[2025-09-02T07:05:25.800Z] 🐛 Starting sync for slack with config: {
  enabled: true,
  lastSync: '2025-09-02T07:05:25.797Z',
  rateLimitRemaining: undefined
}
[2025-09-02T07:05:25.800Z] 🐛 Syncing slack platform for user [object Object]
[2025-09-02T07:05:25.800Z] 🐛 slack sync completed: 20 events
[2025-09-02T07:10:25.794Z] 🐛 Collecting all metrics...
[2025-09-02T07:10:25.802Z] 🐛 Metrics collection completed
[2025-09-02T07:10:25.803Z] 🐛 Syncing all calendars
[2025-09-02T07:10:25.803Z] 🐛 Starting sync for zoom with config: {
  enabled: true,
  lastSync: '2025-09-02T07:05:25.800Z',
  rateLimitRemaining: undefined
}
[2025-09-02T07:10:25.805Z] 🐛 Syncing zoom platform for user [object Object]
[2025-09-02T07:10:25.805Z] 🐛 zoom sync completed: 24 events
[2025-09-02T07:10:25.805Z] 🐛 Starting sync for teams with config: {
  enabled: true,
  lastSync: '2025-09-02T07:05:25.800Z',
  rateLimitRemaining: undefined
}
[2025-09-02T07:10:25.805Z] 🐛 Syncing teams platform for user [object Object]
[2025-09-02T07:10:25.805Z] 🐛 teams sync completed: 15 events
[2025-09-02T07:10:25.805Z] 🐛 Starting sync for webex with config: {
  enabled: true,
  lastSync: '2025-09-02T07:05:25.800Z',
  rateLimitRemaining: undefined
}
[2025-09-02T07:10:25.805Z] 🐛 Syncing webex platform for user [object Object]
[2025-09-02T07:10:25.805Z] 🐛 webex sync completed: 22 events
[2025-09-02T07:10:25.805Z] 🐛 Starting sync for google with config: {
  enabled: true,
  lastSync: '2025-09-02T07:05:25.800Z',
  rateLimitRemaining: undefined
}
[2025-09-02T07:10:25.806Z] 🐛 Syncing google platform for user [object Object]
[2025-09-02T07:10:25.806Z] 🐛 google sync completed: 12 events
[2025-09-02T07:10:25.806Z] 🐛 Starting sync for slack with config: {
  enabled: true,
  lastSync: '2025-09-02T07:05:25.800Z',
  rateLimitRemaining: undefined
}
[2025-09-02T07:10:25.806Z] 🐛 Syncing slack platform for user [object Object]
[2025-09-02T07:10:25.806Z] 🐛 slack sync completed: 7 events
[2025-09-02T07:10:25.807Z] 🐛 Performing IoT system health check
[2025-09-02T07:10:25.807Z] 🐛 IoT system health check completed
[2025-09-02T07:10:25.807Z] 🐛 Cleaning up inactive IoT devices
[2025-09-02T07:10:25.807Z] 🐛 IoT device cleanup completed
[2025-09-02T07:15:25.779Z] 🐛 Cleaning up expired bookings
[2025-09-02T07:15:25.782Z] 🐛 Updating availability metrics
[2025-09-02T07:15:25.782Z] 🐛 Availability metrics updated
[2025-09-02T07:15:25.785Z] 🐛 Collecting all metrics...
[2025-09-02T07:15:25.785Z] 🐛 Metrics collection completed
[2025-09-02T07:15:25.796Z] 🐛 Syncing all calendars
[2025-09-02T07:15:25.796Z] 🐛 Starting sync for zoom with config: {
  enabled: true,
  lastSync: '2025-09-02T07:10:25.805Z',
  rateLimitRemaining: undefined
}
[2025-09-02T07:15:25.797Z] 🐛 Syncing zoom platform for user [object Object]
[2025-09-02T07:15:25.797Z] 🐛 zoom sync completed: 18 events
[2025-09-02T07:15:25.797Z] 🐛 Starting sync for teams with config: {
  enabled: true,
  lastSync: '2025-09-02T07:10:25.805Z',
  rateLimitRemaining: undefined
}
[2025-09-02T07:15:25.797Z] 🐛 Syncing teams platform for user [object Object]
[2025-09-02T07:15:25.797Z] 🐛 teams sync completed: 14 events
[2025-09-02T07:15:25.797Z] 🐛 Starting sync for webex with config: {
  enabled: true,
  lastSync: '2025-09-02T07:10:25.805Z',
  rateLimitRemaining: undefined
}
[2025-09-02T07:15:25.797Z] 🐛 Syncing webex platform for user [object Object]
[2025-09-02T07:15:25.797Z] 🐛 webex sync completed: 18 events
[2025-09-02T07:15:25.797Z] 🐛 Starting sync for google with config: {
  enabled: true,
  lastSync: '2025-09-02T07:10:25.806Z',
  rateLimitRemaining: undefined
}
[2025-09-02T07:15:25.798Z] 🐛 Syncing google platform for user [object Object]
[2025-09-02T07:15:25.798Z] 🐛 google sync completed: 7 events
[2025-09-02T07:15:25.798Z] 🐛 Starting sync for slack with config: {
  enabled: true,
  lastSync: '2025-09-02T07:10:25.806Z',
  rateLimitRemaining: undefined
}
[2025-09-02T07:15:25.798Z] 🐛 Syncing slack platform for user [object Object]
[2025-09-02T07:15:25.798Z] 🐛 slack sync completed: 18 events
[2025-09-02T07:15:25.798Z] 🐛 Performing IoT system health check
[2025-09-02T07:15:25.798Z] 🐛 IoT system health check completed
[2025-09-02T07:15:25.798Z] 🐛 Cleaning up inactive IoT devices
[2025-09-02T07:15:25.798Z] 🐛 IoT device cleanup completed
[2025-09-02T07:20:25.773Z] 🐛 Cleaning up expired visitors
[2025-09-02T07:20:25.779Z] 🐛 Updating visitor metrics
[2025-09-02T07:20:25.779Z] 🐛 Visitor metrics updated
[2025-09-02T07:20:25.779Z] 🐛 Syncing all calendars
[2025-09-02T07:20:25.779Z] 🐛 Starting sync for zoom with config: {
  enabled: true,
  lastSync: '2025-09-02T07:15:25.797Z',
  rateLimitRemaining: undefined
}
[2025-09-02T07:20:25.780Z] 🐛 Syncing zoom platform for user [object Object]
[2025-09-02T07:20:25.780Z] 🐛 zoom sync completed: 11 events
[2025-09-02T07:20:25.780Z] 🐛 Starting sync for teams with config: {
  enabled: true,
  lastSync: '2025-09-02T07:15:25.797Z',
  rateLimitRemaining: undefined
}
[2025-09-02T07:20:25.780Z] 🐛 Syncing teams platform for user [object Object]
[2025-09-02T07:20:25.780Z] 🐛 teams sync completed: 12 events
[2025-09-02T07:20:25.780Z] 🐛 Starting sync for webex with config: {
  enabled: true,
  lastSync: '2025-09-02T07:15:25.797Z',
  rateLimitRemaining: undefined
}
[2025-09-02T07:20:25.780Z] 🐛 Syncing webex platform for user [object Object]
[2025-09-02T07:20:25.780Z] 🐛 webex sync completed: 8 events
[2025-09-02T07:20:25.780Z] 🐛 Starting sync for google with config: {
  enabled: true,
  lastSync: '2025-09-02T07:15:25.798Z',
  rateLimitRemaining: undefined
}
[2025-09-02T07:20:25.781Z] 🐛 Syncing google platform for user [object Object]
[2025-09-02T07:20:25.781Z] 🐛 google sync completed: 6 events
[2025-09-02T07:20:25.781Z] 🐛 Starting sync for slack with config: {
  enabled: true,
  lastSync: '2025-09-02T07:15:25.798Z',
  rateLimitRemaining: undefined
}
[2025-09-02T07:20:25.781Z] 🐛 Syncing slack platform for user [object Object]
[2025-09-02T07:20:25.781Z] 🐛 slack sync completed: 8 events
[2025-09-02T07:20:25.782Z] 🐛 Collecting all metrics...
[2025-09-02T07:20:25.782Z] 🐛 Metrics collection completed
[2025-09-02T07:20:25.789Z] 🐛 Syncing all calendars
[2025-09-02T07:20:25.789Z] 🐛 Starting sync for zoom with config: {
  enabled: true,
  lastSync: '2025-09-02T07:20:25.780Z',
  rateLimitRemaining: undefined
}
[2025-09-02T07:20:25.789Z] 🐛 Syncing zoom platform for user [object Object]
[2025-09-02T07:20:25.789Z] 🐛 zoom sync completed: 8 events
[2025-09-02T07:20:25.789Z] 🐛 Starting sync for teams with config: {
  enabled: true,
  lastSync: '2025-09-02T07:20:25.780Z',
  rateLimitRemaining: undefined
}
[2025-09-02T07:20:25.789Z] 🐛 Syncing teams platform for user [object Object]
[2025-09-02T07:20:25.789Z] 🐛 teams sync completed: 19 events
[2025-09-02T07:20:25.789Z] 🐛 Starting sync for webex with config: {
  enabled: true,
  lastSync: '2025-09-02T07:20:25.780Z',
  rateLimitRemaining: undefined
}
[2025-09-02T07:20:25.789Z] 🐛 Syncing webex platform for user [object Object]
[2025-09-02T07:20:25.789Z] 🐛 webex sync completed: 14 events
[2025-09-02T07:20:25.789Z] 🐛 Starting sync for google with config: {
  enabled: true,
  lastSync: '2025-09-02T07:20:25.781Z',
  rateLimitRemaining: undefined
}
[2025-09-02T07:20:25.789Z] 🐛 Syncing google platform for user [object Object]
[2025-09-02T07:20:25.789Z] 🐛 google sync completed: 20 events
[2025-09-02T07:20:25.790Z] 🐛 Starting sync for slack with config: {
  enabled: true,
  lastSync: '2025-09-02T07:20:25.781Z',
  rateLimitRemaining: undefined
}
[2025-09-02T07:20:25.790Z] 🐛 Syncing slack platform for user [object Object]
[2025-09-02T07:20:25.790Z] 🐛 slack sync completed: 6 events
[2025-09-02T07:20:25.790Z] 🐛 Performing IoT system health check
[2025-09-02T07:20:25.790Z] 🐛 IoT system health check completed
[2025-09-02T07:20:25.790Z] 🐛 Cleaning up inactive IoT devices
[2025-09-02T07:20:25.790Z] 🐛 IoT device cleanup completed
[2025-09-02T07:25:25.763Z] 🐛 Cleaning up expired bookings
[2025-09-02T07:25:25.767Z] 🐛 Updating availability metrics
[2025-09-02T07:25:25.767Z] 🐛 Availability metrics updated
[2025-09-02T07:25:25.774Z] 🐛 Collecting all metrics...
[2025-09-02T07:25:25.774Z] 🐛 Metrics collection completed
[2025-09-02T07:25:25.781Z] 🐛 Syncing all calendars
[2025-09-02T07:25:25.781Z] 🐛 Starting sync for zoom with config: {
  enabled: true,
  lastSync: '2025-09-02T07:20:25.789Z',
  rateLimitRemaining: undefined
}
[2025-09-02T07:25:25.781Z] 🐛 Syncing zoom platform for user [object Object]
[2025-09-02T07:25:25.781Z] 🐛 zoom sync completed: 24 events
[2025-09-02T07:25:25.781Z] 🐛 Starting sync for teams with config: {
  enabled: true,
  lastSync: '2025-09-02T07:20:25.789Z',
  rateLimitRemaining: undefined
}
[2025-09-02T07:25:25.781Z] 🐛 Syncing teams platform for user [object Object]
[2025-09-02T07:25:25.781Z] 🐛 teams sync completed: 11 events
[2025-09-02T07:25:25.781Z] 🐛 Starting sync for webex with config: {
  enabled: true,
  lastSync: '2025-09-02T07:20:25.789Z',
  rateLimitRemaining: undefined
}
[2025-09-02T07:25:25.781Z] 🐛 Syncing webex platform for user [object Object]
[2025-09-02T07:25:25.781Z] 🐛 webex sync completed: 18 events
[2025-09-02T07:25:25.782Z] 🐛 Starting sync for google with config: {
  enabled: true,
  lastSync: '2025-09-02T07:20:25.789Z',
  rateLimitRemaining: undefined
}
[2025-09-02T07:25:25.783Z] 🐛 Syncing google platform for user [object Object]
[2025-09-02T07:25:25.783Z] 🐛 google sync completed: 8 events
[2025-09-02T07:25:25.783Z] 🐛 Starting sync for slack with config: {
  enabled: true,
  lastSync: '2025-09-02T07:20:25.790Z',
  rateLimitRemaining: undefined
}
[2025-09-02T07:25:25.783Z] 🐛 Syncing slack platform for user [object Object]
[2025-09-02T07:25:25.783Z] 🐛 slack sync completed: 24 events
[2025-09-02T07:25:25.783Z] 🐛 Performing IoT system health check
[2025-09-02T07:25:25.783Z] 🐛 IoT system health check completed
[2025-09-02T07:25:25.783Z] 🐛 Cleaning up inactive IoT devices
[2025-09-02T07:25:25.783Z] 🐛 IoT device cleanup completed
[2025-09-02T07:30:25.771Z] 🐛 Collecting all metrics...
[2025-09-02T07:30:25.784Z] 🐛 Metrics collection completed
[2025-09-02T07:30:25.784Z] 🐛 Syncing all calendars
[2025-09-02T07:30:25.785Z] 🐛 Starting sync for zoom with config: {
  enabled: true,
  lastSync: '2025-09-02T07:25:25.781Z',
  rateLimitRemaining: undefined
}
[2025-09-02T07:30:25.786Z] 🐛 Syncing zoom platform for user [object Object]
[2025-09-02T07:30:25.786Z] 🐛 zoom sync completed: 16 events
[2025-09-02T07:30:25.786Z] 🐛 Starting sync for teams with config: {
  enabled: true,
  lastSync: '2025-09-02T07:25:25.781Z',
  rateLimitRemaining: undefined
}
[2025-09-02T07:30:25.786Z] 🐛 Syncing teams platform for user [object Object]
[2025-09-02T07:30:25.786Z] 🐛 teams sync completed: 13 events
[2025-09-02T07:30:25.786Z] 🐛 Starting sync for webex with config: {
  enabled: true,
  lastSync: '2025-09-02T07:25:25.782Z',
  rateLimitRemaining: undefined
}
[2025-09-02T07:30:25.786Z] 🐛 Syncing webex platform for user [object Object]
[2025-09-02T07:30:25.786Z] 🐛 webex sync completed: 12 events
[2025-09-02T07:30:25.786Z] 🐛 Starting sync for google with config: {
  enabled: true,
  lastSync: '2025-09-02T07:25:25.783Z',
  rateLimitRemaining: undefined
}
[2025-09-02T07:30:25.787Z] 🐛 Syncing google platform for user [object Object]
[2025-09-02T07:30:25.787Z] 🐛 google sync completed: 17 events
[2025-09-02T07:30:25.787Z] 🐛 Starting sync for slack with config: {
  enabled: true,
  lastSync: '2025-09-02T07:25:25.783Z',
  rateLimitRemaining: undefined
}
[2025-09-02T07:30:25.787Z] 🐛 Syncing slack platform for user [object Object]
[2025-09-02T07:30:25.787Z] 🐛 slack sync completed: 10 events
[2025-09-02T07:30:25.787Z] 🐛 Performing IoT system health check
[2025-09-02T07:30:25.787Z] 🐛 IoT system health check completed
[2025-09-02T07:30:25.791Z] 🐛 Cleaning up inactive IoT devices
[2025-09-02T07:30:25.791Z] 🐛 IoT device cleanup completed
[2025-09-02T07:35:25.749Z] 🐛 Cleaning up expired visitors
[2025-09-02T07:35:25.752Z] 🐛 Updating visitor metrics
[2025-09-02T07:35:25.752Z] 🐛 Visitor metrics updated
[2025-09-02T07:35:25.753Z] 🐛 Cleaning up expired bookings
[2025-09-02T07:35:25.753Z] 🐛 Updating availability metrics
[2025-09-02T07:35:25.753Z] 🐛 Availability metrics updated
[2025-09-02T07:35:25.753Z] 🐛 Syncing all calendars
[2025-09-02T07:35:25.753Z] 🐛 Starting sync for zoom with config: {
  enabled: true,
  lastSync: '2025-09-02T07:30:25.786Z',
  rateLimitRemaining: undefined
}
[2025-09-02T07:35:25.753Z] 🐛 Syncing zoom platform for user [object Object]
[2025-09-02T07:35:25.753Z] 🐛 zoom sync completed: 5 events
[2025-09-02T07:35:25.754Z] 🐛 Starting sync for teams with config: {
  enabled: true,
  lastSync: '2025-09-02T07:30:25.786Z',
  rateLimitRemaining: undefined
}
[2025-09-02T07:35:25.754Z] 🐛 Syncing teams platform for user [object Object]
[2025-09-02T07:35:25.754Z] 🐛 teams sync completed: 11 events
[2025-09-02T07:35:25.754Z] 🐛 Starting sync for webex with config: {
  enabled: true,
  lastSync: '2025-09-02T07:30:25.786Z',
  rateLimitRemaining: undefined
}
[2025-09-02T07:35:25.754Z] 🐛 Syncing webex platform for user [object Object]
[2025-09-02T07:35:25.754Z] 🐛 webex sync completed: 10 events
[2025-09-02T07:35:25.754Z] 🐛 Starting sync for google with config: {
  enabled: true,
  lastSync: '2025-09-02T07:30:25.787Z',
  rateLimitRemaining: undefined
}
[2025-09-02T07:35:25.754Z] 🐛 Syncing google platform for user [object Object]
[2025-09-02T07:35:25.754Z] 🐛 google sync completed: 21 events
[2025-09-02T07:35:25.754Z] 🐛 Starting sync for slack with config: {
  enabled: true,
  lastSync: '2025-09-02T07:30:25.787Z',
  rateLimitRemaining: undefined
}
[2025-09-02T07:35:25.754Z] 🐛 Syncing slack platform for user [object Object]
[2025-09-02T07:35:25.754Z] 🐛 slack sync completed: 14 events
[2025-09-02T07:35:25.764Z] 🐛 Collecting all metrics...
[2025-09-02T07:35:25.764Z] 🐛 Metrics collection completed
[2025-09-02T07:35:25.777Z] 🐛 Syncing all calendars
[2025-09-02T07:35:25.777Z] 🐛 Starting sync for zoom with config: {
  enabled: true,
  lastSync: '2025-09-02T07:35:25.754Z',
  rateLimitRemaining: undefined
}
[2025-09-02T07:35:25.777Z] 🐛 Syncing zoom platform for user [object Object]
[2025-09-02T07:35:25.777Z] 🐛 zoom sync completed: 23 events
[2025-09-02T07:35:25.777Z] 🐛 Starting sync for teams with config: {
  enabled: true,
  lastSync: '2025-09-02T07:35:25.754Z',
  rateLimitRemaining: undefined
}
[2025-09-02T07:35:25.777Z] 🐛 Syncing teams platform for user [object Object]
[2025-09-02T07:35:25.777Z] 🐛 teams sync completed: 19 events
[2025-09-02T07:35:25.778Z] 🐛 Starting sync for webex with config: {
  enabled: true,
  lastSync: '2025-09-02T07:35:25.754Z',
  rateLimitRemaining: undefined
}
[2025-09-02T07:35:25.778Z] 🐛 Syncing webex platform for user [object Object]
[2025-09-02T07:35:25.778Z] 🐛 webex sync completed: 16 events
[2025-09-02T07:35:25.778Z] 🐛 Starting sync for google with config: {
  enabled: true,
  lastSync: '2025-09-02T07:35:25.754Z',
  rateLimitRemaining: undefined
}
[2025-09-02T07:35:25.778Z] 🐛 Syncing google platform for user [object Object]
[2025-09-02T07:35:25.778Z] 🐛 google sync completed: 5 events
[2025-09-02T07:35:25.778Z] 🐛 Starting sync for slack with config: {
  enabled: true,
  lastSync: '2025-09-02T07:35:25.754Z',
  rateLimitRemaining: undefined
}
[2025-09-02T07:35:25.778Z] 🐛 Syncing slack platform for user [object Object]
[2025-09-02T07:35:25.778Z] 🐛 slack sync completed: 14 events
[2025-09-02T07:35:25.778Z] 🐛 Performing IoT system health check
[2025-09-02T07:35:25.778Z] 🐛 IoT system health check completed
[2025-09-02T07:35:25.779Z] 🐛 Cleaning up inactive IoT devices
[2025-09-02T07:35:25.779Z] 🐛 IoT device cleanup completed
[2025-09-02T07:40:25.760Z] 🐛 Collecting all metrics...
[2025-09-02T07:40:25.765Z] 🐛 Metrics collection completed
[2025-09-02T07:40:25.769Z] 🐛 Syncing all calendars
[2025-09-02T07:40:25.769Z] 🐛 Starting sync for zoom with config: {
  enabled: true,
  lastSync: '2025-09-02T07:35:25.777Z',
  rateLimitRemaining: undefined
}
[2025-09-02T07:40:25.770Z] 🐛 Syncing zoom platform for user [object Object]
[2025-09-02T07:40:25.770Z] 🐛 zoom sync completed: 5 events
[2025-09-02T07:40:25.770Z] 🐛 Starting sync for teams with config: {
  enabled: true,
  lastSync: '2025-09-02T07:35:25.778Z',
  rateLimitRemaining: undefined
}
[2025-09-02T07:40:25.770Z] 🐛 Syncing teams platform for user [object Object]
[2025-09-02T07:40:25.770Z] 🐛 teams sync completed: 6 events
[2025-09-02T07:40:25.770Z] 🐛 Starting sync for webex with config: {
  enabled: true,
  lastSync: '2025-09-02T07:35:25.778Z',
  rateLimitRemaining: undefined
}
[2025-09-02T07:40:25.770Z] 🐛 Syncing webex platform for user [object Object]
[2025-09-02T07:40:25.770Z] 🐛 webex sync completed: 11 events
[2025-09-02T07:40:25.770Z] 🐛 Starting sync for google with config: {
  enabled: true,
  lastSync: '2025-09-02T07:35:25.778Z',
  rateLimitRemaining: undefined
}
[2025-09-02T07:40:25.770Z] 🐛 Syncing google platform for user [object Object]
[2025-09-02T07:40:25.770Z] 🐛 google sync completed: 18 events
[2025-09-02T07:40:25.770Z] 🐛 Starting sync for slack with config: {
  enabled: true,
  lastSync: '2025-09-02T07:35:25.778Z',
  rateLimitRemaining: undefined
}
[2025-09-02T07:40:25.771Z] 🐛 Syncing slack platform for user [object Object]
[2025-09-02T07:40:25.772Z] 🐛 slack sync completed: 22 events
[2025-09-02T07:40:25.772Z] 🐛 Performing IoT system health check
[2025-09-02T07:40:25.772Z] 🐛 IoT system health check completed
[2025-09-02T07:40:25.772Z] 🐛 Cleaning up inactive IoT devices
[2025-09-02T07:40:25.772Z] 🐛 IoT device cleanup completed
[2025-09-02T07:45:25.737Z] 🐛 Cleaning up expired bookings
[2025-09-02T07:45:25.741Z] 🐛 Updating availability metrics
[2025-09-02T07:45:25.741Z] 🐛 Availability metrics updated
[2025-09-02T07:45:25.752Z] 🐛 Collecting all metrics...
[2025-09-02T07:45:25.752Z] 🐛 Metrics collection completed
[2025-09-02T07:45:25.763Z] 🐛 Syncing all calendars
[2025-09-02T07:45:25.763Z] 🐛 Starting sync for zoom with config: {
  enabled: true,
  lastSync: '2025-09-02T07:40:25.770Z',
  rateLimitRemaining: undefined
}
[2025-09-02T07:45:25.763Z] 🐛 Syncing zoom platform for user [object Object]
[2025-09-02T07:45:25.763Z] 🐛 zoom sync completed: 17 events
[2025-09-02T07:45:25.763Z] 🐛 Starting sync for teams with config: {
  enabled: true,
  lastSync: '2025-09-02T07:40:25.770Z',
  rateLimitRemaining: undefined
}
[2025-09-02T07:45:25.763Z] 🐛 Syncing teams platform for user [object Object]
[2025-09-02T07:45:25.763Z] 🐛 teams sync completed: 6 events
[2025-09-02T07:45:25.763Z] 🐛 Starting sync for webex with config: {
  enabled: true,
  lastSync: '2025-09-02T07:40:25.770Z',
  rateLimitRemaining: undefined
}
[2025-09-02T07:45:25.763Z] 🐛 Syncing webex platform for user [object Object]
[2025-09-02T07:45:25.763Z] 🐛 webex sync completed: 9 events
[2025-09-02T07:45:25.763Z] 🐛 Starting sync for google with config: {
  enabled: true,
  lastSync: '2025-09-02T07:40:25.770Z',
  rateLimitRemaining: undefined
}
[2025-09-02T07:45:25.763Z] 🐛 Syncing google platform for user [object Object]
[2025-09-02T07:45:25.763Z] 🐛 google sync completed: 8 events
[2025-09-02T07:45:25.763Z] 🐛 Starting sync for slack with config: {
  enabled: true,
  lastSync: '2025-09-02T07:40:25.772Z',
  rateLimitRemaining: undefined
}
[2025-09-02T07:45:25.763Z] 🐛 Syncing slack platform for user [object Object]
[2025-09-02T07:45:25.764Z] 🐛 slack sync completed: 9 events
[2025-09-02T07:45:25.764Z] 🐛 Performing IoT system health check
[2025-09-02T07:45:25.764Z] 🐛 IoT system health check completed
[2025-09-02T07:45:25.764Z] 🐛 Cleaning up inactive IoT devices
[2025-09-02T07:45:25.764Z] 🐛 IoT device cleanup completed
[2025-09-02T07:50:25.913Z] 🐛 Cleaning up expired visitors
[2025-09-02T07:50:25.917Z] 🐛 Updating visitor metrics
[2025-09-02T07:50:25.917Z] 🐛 Visitor metrics updated
[2025-09-02T07:50:25.918Z] 🐛 Syncing all calendars
[2025-09-02T07:50:25.918Z] 🐛 Starting sync for zoom with config: {
  enabled: true,
  lastSync: '2025-09-02T07:45:25.763Z',
  rateLimitRemaining: undefined
}
[2025-09-02T07:50:25.919Z] 🐛 Syncing zoom platform for user [object Object]
[2025-09-02T07:50:25.919Z] 🐛 zoom sync completed: 9 events
[2025-09-02T07:50:25.919Z] 🐛 Starting sync for teams with config: {
  enabled: true,
  lastSync: '2025-09-02T07:45:25.763Z',
  rateLimitRemaining: undefined
}
[2025-09-02T07:50:25.919Z] 🐛 Syncing teams platform for user [object Object]
[2025-09-02T07:50:25.919Z] 🐛 teams sync completed: 6 events
[2025-09-02T07:50:25.919Z] 🐛 Starting sync for webex with config: {
  enabled: true,
  lastSync: '2025-09-02T07:45:25.763Z',
  rateLimitRemaining: undefined
}
[2025-09-02T07:50:25.919Z] 🐛 Syncing webex platform for user [object Object]
[2025-09-02T07:50:25.919Z] 🐛 webex sync completed: 14 events
[2025-09-02T07:50:25.919Z] 🐛 Starting sync for google with config: {
  enabled: true,
  lastSync: '2025-09-02T07:45:25.763Z',
  rateLimitRemaining: undefined
}
[2025-09-02T07:50:25.919Z] 🐛 Syncing google platform for user [object Object]
[2025-09-02T07:50:25.919Z] 🐛 google sync completed: 8 events
[2025-09-02T07:50:25.919Z] 🐛 Starting sync for slack with config: {
  enabled: true,
  lastSync: '2025-09-02T07:45:25.764Z',
  rateLimitRemaining: undefined
}
[2025-09-02T07:50:25.919Z] 🐛 Syncing slack platform for user [object Object]
[2025-09-02T07:50:25.919Z] 🐛 slack sync completed: 20 events
[2025-09-02T07:50:25.933Z] 🐛 Collecting all metrics...
[2025-09-02T07:50:25.933Z] 🐛 Metrics collection completed
[2025-09-02T07:50:25.944Z] 🐛 Syncing all calendars
[2025-09-02T07:50:25.944Z] 🐛 Starting sync for zoom with config: {
  enabled: true,
  lastSync: '2025-09-02T07:50:25.919Z',
  rateLimitRemaining: undefined
}
[2025-09-02T07:50:25.944Z] 🐛 Syncing zoom platform for user [object Object]
[2025-09-02T07:50:25.945Z] 🐛 zoom sync completed: 14 events
[2025-09-02T07:50:25.945Z] 🐛 Starting sync for teams with config: {
  enabled: true,
  lastSync: '2025-09-02T07:50:25.919Z',
  rateLimitRemaining: undefined
}
[2025-09-02T07:50:25.945Z] 🐛 Syncing teams platform for user [object Object]
[2025-09-02T07:50:25.945Z] 🐛 teams sync completed: 18 events
[2025-09-02T07:50:25.945Z] 🐛 Starting sync for webex with config: {
  enabled: true,
  lastSync: '2025-09-02T07:50:25.919Z',
  rateLimitRemaining: undefined
}
[2025-09-02T07:50:25.945Z] 🐛 Syncing webex platform for user [object Object]
[2025-09-02T07:50:25.945Z] 🐛 webex sync completed: 10 events
[2025-09-02T07:50:25.945Z] 🐛 Starting sync for google with config: {
  enabled: true,
  lastSync: '2025-09-02T07:50:25.919Z',
  rateLimitRemaining: undefined
}
[2025-09-02T07:50:25.945Z] 🐛 Syncing google platform for user [object Object]
[2025-09-02T07:50:25.945Z] 🐛 google sync completed: 20 events
[2025-09-02T07:50:25.945Z] 🐛 Starting sync for slack with config: {
  enabled: true,
  lastSync: '2025-09-02T07:50:25.919Z',
  rateLimitRemaining: undefined
}
[2025-09-02T07:50:25.945Z] 🐛 Syncing slack platform for user [object Object]
[2025-09-02T07:50:25.945Z] 🐛 slack sync completed: 22 events
[2025-09-02T07:50:25.945Z] 🐛 Performing IoT system health check
[2025-09-02T07:50:25.945Z] 🐛 IoT system health check completed
[2025-09-02T07:50:25.945Z] 🐛 Cleaning up inactive IoT devices
[2025-09-02T07:50:25.945Z] 🐛 IoT device cleanup completed
[2025-09-02T07:55:25.921Z] 🐛 Cleaning up expired bookings
[2025-09-02T07:55:25.922Z] 🐛 Updating availability metrics
[2025-09-02T07:55:25.922Z] 🐛 Availability metrics updated
[2025-09-02T07:55:25.940Z] 🐛 Collecting all metrics...
[2025-09-02T07:55:25.940Z] 🐛 Metrics collection completed
[2025-09-02T07:55:25.950Z] 🐛 Syncing all calendars
[2025-09-02T07:55:25.950Z] 🐛 Starting sync for zoom with config: {
  enabled: true,
  lastSync: '2025-09-02T07:50:25.945Z',
  rateLimitRemaining: undefined
}
[2025-09-02T07:55:25.950Z] 🐛 Syncing zoom platform for user [object Object]
[2025-09-02T07:55:25.950Z] 🐛 zoom sync completed: 17 events
[2025-09-02T07:55:25.950Z] 🐛 Starting sync for teams with config: {
  enabled: true,
  lastSync: '2025-09-02T07:50:25.945Z',
  rateLimitRemaining: undefined
}
[2025-09-02T07:55:25.950Z] 🐛 Syncing teams platform for user [object Object]
[2025-09-02T07:55:25.950Z] 🐛 teams sync completed: 22 events
[2025-09-02T07:55:25.950Z] 🐛 Starting sync for webex with config: {
  enabled: true,
  lastSync: '2025-09-02T07:50:25.945Z',
  rateLimitRemaining: undefined
}
[2025-09-02T07:55:25.950Z] 🐛 Syncing webex platform for user [object Object]
[2025-09-02T07:55:25.950Z] 🐛 webex sync completed: 22 events
[2025-09-02T07:55:25.950Z] 🐛 Starting sync for google with config: {
  enabled: true,
  lastSync: '2025-09-02T07:50:25.945Z',
  rateLimitRemaining: undefined
}
[2025-09-02T07:55:25.950Z] 🐛 Syncing google platform for user [object Object]
[2025-09-02T07:55:25.950Z] 🐛 google sync completed: 8 events
[2025-09-02T07:55:25.950Z] 🐛 Starting sync for slack with config: {
  enabled: true,
  lastSync: '2025-09-02T07:50:25.945Z',
  rateLimitRemaining: undefined
}
[2025-09-02T07:55:25.950Z] 🐛 Syncing slack platform for user [object Object]
[2025-09-02T07:55:25.950Z] 🐛 slack sync completed: 7 events
[2025-09-02T07:55:25.951Z] 🐛 Performing IoT system health check
[2025-09-02T07:55:25.951Z] 🐛 IoT system health check completed
[2025-09-02T07:55:25.951Z] 🐛 Cleaning up inactive IoT devices
[2025-09-02T07:55:25.951Z] 🐛 IoT device cleanup completed
[2025-09-02T08:00:25.947Z] 🐛 Collecting all metrics...
[2025-09-02T08:00:25.949Z] 🐛 Metrics collection completed
[2025-09-02T08:00:25.955Z] 🐛 Syncing all calendars
[2025-09-02T08:00:25.955Z] 🐛 Starting sync for zoom with config: {
  enabled: true,
  lastSync: '2025-09-02T07:55:25.950Z',
  rateLimitRemaining: undefined
}
[2025-09-02T08:00:25.956Z] 🐛 Syncing zoom platform for user [object Object]
[2025-09-02T08:00:25.956Z] 🐛 zoom sync completed: 15 events
[2025-09-02T08:00:25.956Z] 🐛 Starting sync for teams with config: {
  enabled: true,
  lastSync: '2025-09-02T07:55:25.950Z',
  rateLimitRemaining: undefined
}
[2025-09-02T08:00:25.956Z] 🐛 Syncing teams platform for user [object Object]
[2025-09-02T08:00:25.956Z] 🐛 teams sync completed: 10 events
[2025-09-02T08:00:25.956Z] 🐛 Starting sync for webex with config: {
  enabled: true,
  lastSync: '2025-09-02T07:55:25.950Z',
  rateLimitRemaining: undefined
}
[2025-09-02T08:00:25.956Z] 🐛 Syncing webex platform for user [object Object]
[2025-09-02T08:00:25.956Z] 🐛 webex sync completed: 17 events
[2025-09-02T08:00:25.956Z] 🐛 Starting sync for google with config: {
  enabled: true,
  lastSync: '2025-09-02T07:55:25.950Z',
  rateLimitRemaining: undefined
}
[2025-09-02T08:00:25.956Z] 🐛 Syncing google platform for user [object Object]
[2025-09-02T08:00:25.956Z] 🐛 google sync completed: 11 events
[2025-09-02T08:00:25.956Z] 🐛 Starting sync for slack with config: {
  enabled: true,
  lastSync: '2025-09-02T07:55:25.950Z',
  rateLimitRemaining: undefined
}
[2025-09-02T08:00:25.956Z] 🐛 Syncing slack platform for user [object Object]
[2025-09-02T08:00:25.956Z] 🐛 slack sync completed: 13 events
[2025-09-02T08:00:25.956Z] 🐛 Performing IoT system health check
[2025-09-02T08:00:25.957Z] 🐛 IoT system health check completed
[2025-09-02T08:00:25.957Z] 🐛 Cleaning up inactive IoT devices
[2025-09-02T08:00:25.957Z] 🐛 IoT device cleanup completed
[2025-09-02T08:05:25.930Z] 🐛 Cleaning up expired visitors
[2025-09-02T08:05:25.933Z] 🐛 Updating visitor metrics
[2025-09-02T08:05:25.933Z] 🐛 Visitor metrics updated
[2025-09-02T08:05:25.933Z] 🐛 Cleaning up expired bookings
[2025-09-02T08:05:25.933Z] 🐛 Updating availability metrics
[2025-09-02T08:05:25.933Z] 🐛 Availability metrics updated
[2025-09-02T08:05:25.933Z] 🐛 Syncing all calendars
[2025-09-02T08:05:25.933Z] 🐛 Starting sync for zoom with config: {
  enabled: true,
  lastSync: '2025-09-02T08:00:25.956Z',
  rateLimitRemaining: undefined
}
[2025-09-02T08:05:25.933Z] 🐛 Syncing zoom platform for user [object Object]
[2025-09-02T08:05:25.933Z] 🐛 zoom sync completed: 10 events
[2025-09-02T08:05:25.933Z] 🐛 Starting sync for teams with config: {
  enabled: true,
  lastSync: '2025-09-02T08:00:25.956Z',
  rateLimitRemaining: undefined
}
[2025-09-02T08:05:25.933Z] 🐛 Syncing teams platform for user [object Object]
[2025-09-02T08:05:25.933Z] 🐛 teams sync completed: 22 events
[2025-09-02T08:05:25.933Z] 🐛 Starting sync for webex with config: {
  enabled: true,
  lastSync: '2025-09-02T08:00:25.956Z',
  rateLimitRemaining: undefined
}
[2025-09-02T08:05:25.933Z] 🐛 Syncing webex platform for user [object Object]
[2025-09-02T08:05:25.933Z] 🐛 webex sync completed: 17 events
[2025-09-02T08:05:25.933Z] 🐛 Starting sync for google with config: {
  enabled: true,
  lastSync: '2025-09-02T08:00:25.956Z',
  rateLimitRemaining: undefined
}
[2025-09-02T08:05:25.933Z] 🐛 Syncing google platform for user [object Object]
[2025-09-02T08:05:25.933Z] 🐛 google sync completed: 23 events
[2025-09-02T08:05:25.933Z] 🐛 Starting sync for slack with config: {
  enabled: true,
  lastSync: '2025-09-02T08:00:25.956Z',
  rateLimitRemaining: undefined
}
[2025-09-02T08:05:25.933Z] 🐛 Syncing slack platform for user [object Object]
[2025-09-02T08:05:25.933Z] 🐛 slack sync completed: 15 events
[2025-09-02T08:05:25.954Z] 🐛 Collecting all metrics...
[2025-09-02T08:05:25.954Z] 🐛 Metrics collection completed
[2025-09-02T08:05:25.962Z] 🐛 Syncing all calendars
[2025-09-02T08:05:25.962Z] 🐛 Starting sync for zoom with config: {
  enabled: true,
  lastSync: '2025-09-02T08:05:25.933Z',
  rateLimitRemaining: undefined
}
[2025-09-02T08:05:25.962Z] 🐛 Syncing zoom platform for user [object Object]
[2025-09-02T08:05:25.962Z] 🐛 zoom sync completed: 22 events
[2025-09-02T08:05:25.962Z] 🐛 Starting sync for teams with config: {
  enabled: true,
  lastSync: '2025-09-02T08:05:25.933Z',
  rateLimitRemaining: undefined
}
[2025-09-02T08:05:25.962Z] 🐛 Syncing teams platform for user [object Object]
[2025-09-02T08:05:25.962Z] 🐛 teams sync completed: 8 events
[2025-09-02T08:05:25.962Z] 🐛 Starting sync for webex with config: {
  enabled: true,
  lastSync: '2025-09-02T08:05:25.933Z',
  rateLimitRemaining: undefined
}
[2025-09-02T08:05:25.962Z] 🐛 Syncing webex platform for user [object Object]
[2025-09-02T08:05:25.962Z] 🐛 webex sync completed: 9 events
[2025-09-02T08:05:25.962Z] 🐛 Starting sync for google with config: {
  enabled: true,
  lastSync: '2025-09-02T08:05:25.933Z',
  rateLimitRemaining: undefined
}
[2025-09-02T08:05:25.962Z] 🐛 Syncing google platform for user [object Object]
[2025-09-02T08:05:25.962Z] 🐛 google sync completed: 16 events
[2025-09-02T08:05:25.962Z] 🐛 Starting sync for slack with config: {
  enabled: true,
  lastSync: '2025-09-02T08:05:25.933Z',
  rateLimitRemaining: undefined
}
[2025-09-02T08:05:25.962Z] 🐛 Syncing slack platform for user [object Object]
[2025-09-02T08:05:25.962Z] 🐛 slack sync completed: 6 events
[2025-09-02T08:05:25.962Z] 🐛 Performing IoT system health check
[2025-09-02T08:05:25.962Z] 🐛 IoT system health check completed
[2025-09-02T08:05:25.962Z] 🐛 Cleaning up inactive IoT devices
[2025-09-02T08:05:25.962Z] 🐛 IoT device cleanup completed
[2025-09-02T08:10:25.962Z] 🐛 Collecting all metrics...
[2025-09-02T08:10:25.969Z] 🐛 Metrics collection completed
[2025-09-02T08:10:25.970Z] 🐛 Syncing all calendars
[2025-09-02T08:10:25.970Z] 🐛 Starting sync for zoom with config: {
  enabled: true,
  lastSync: '2025-09-02T08:05:25.962Z',
  rateLimitRemaining: undefined
}
[2025-09-02T08:10:25.970Z] 🐛 Syncing zoom platform for user [object Object]
[2025-09-02T08:10:25.971Z] 🐛 zoom sync completed: 20 events
[2025-09-02T08:10:25.971Z] 🐛 Starting sync for teams with config: {
  enabled: true,
  lastSync: '2025-09-02T08:05:25.962Z',
  rateLimitRemaining: undefined
}
[2025-09-02T08:10:25.983Z] 🐛 Syncing teams platform for user [object Object]
[2025-09-02T08:10:25.983Z] 🐛 teams sync completed: 5 events
[2025-09-02T08:10:25.983Z] 🐛 Starting sync for webex with config: {
  enabled: true,
  lastSync: '2025-09-02T08:05:25.962Z',
  rateLimitRemaining: undefined
}
[2025-09-02T08:10:25.983Z] 🐛 Syncing webex platform for user [object Object]
[2025-09-02T08:10:25.983Z] 🐛 webex sync completed: 22 events
[2025-09-02T08:10:25.983Z] 🐛 Starting sync for google with config: {
  enabled: true,
  lastSync: '2025-09-02T08:05:25.962Z',
  rateLimitRemaining: undefined
}
[2025-09-02T08:10:25.983Z] 🐛 Syncing google platform for user [object Object]
[2025-09-02T08:10:25.983Z] 🐛 google sync completed: 12 events
[2025-09-02T08:10:25.983Z] 🐛 Starting sync for slack with config: {
  enabled: true,
  lastSync: '2025-09-02T08:05:25.962Z',
  rateLimitRemaining: undefined
}
[2025-09-02T08:10:25.983Z] 🐛 Syncing slack platform for user [object Object]
[2025-09-02T08:10:25.983Z] 🐛 slack sync completed: 7 events
[2025-09-02T08:10:25.983Z] 🐛 Performing IoT system health check
[2025-09-02T08:10:25.983Z] 🐛 IoT system health check completed
[2025-09-02T08:10:25.983Z] 🐛 Cleaning up inactive IoT devices
[2025-09-02T08:10:25.983Z] 🐛 IoT device cleanup completed
[2025-09-02T08:15:25.945Z] 🐛 Cleaning up expired bookings
[2025-09-02T08:15:25.946Z] 🐛 Updating availability metrics
[2025-09-02T08:15:25.946Z] 🐛 Availability metrics updated
[2025-09-02T08:15:25.969Z] 🐛 Collecting all metrics...
[2025-09-02T08:15:25.969Z] 🐛 Metrics collection completed
[2025-09-02T08:15:25.977Z] 🐛 Syncing all calendars
[2025-09-02T08:15:25.977Z] 🐛 Starting sync for zoom with config: {
  enabled: true,
  lastSync: '2025-09-02T08:10:25.971Z',
  rateLimitRemaining: undefined
}
[2025-09-02T08:15:25.977Z] 🐛 Syncing zoom platform for user [object Object]
[2025-09-02T08:15:25.977Z] 🐛 zoom sync completed: 19 events
[2025-09-02T08:15:25.977Z] 🐛 Starting sync for teams with config: {
  enabled: true,
  lastSync: '2025-09-02T08:10:25.983Z',
  rateLimitRemaining: undefined
}
[2025-09-02T08:15:25.977Z] 🐛 Syncing teams platform for user [object Object]
[2025-09-02T08:15:25.977Z] 🐛 teams sync completed: 16 events
[2025-09-02T08:15:25.977Z] 🐛 Starting sync for webex with config: {
  enabled: true,
  lastSync: '2025-09-02T08:10:25.983Z',
  rateLimitRemaining: undefined
}
[2025-09-02T08:15:25.977Z] 🐛 Syncing webex platform for user [object Object]
[2025-09-02T08:15:25.977Z] 🐛 webex sync completed: 6 events
[2025-09-02T08:15:25.977Z] 🐛 Starting sync for google with config: {
  enabled: true,
  lastSync: '2025-09-02T08:10:25.983Z',
  rateLimitRemaining: undefined
}
[2025-09-02T08:15:25.977Z] 🐛 Syncing google platform for user [object Object]
[2025-09-02T08:15:25.977Z] 🐛 google sync completed: 13 events
[2025-09-02T08:15:25.977Z] 🐛 Starting sync for slack with config: {
  enabled: true,
  lastSync: '2025-09-02T08:10:25.983Z',
  rateLimitRemaining: undefined
}
[2025-09-02T08:15:25.977Z] 🐛 Syncing slack platform for user [object Object]
[2025-09-02T08:15:25.977Z] 🐛 slack sync completed: 9 events
[2025-09-02T08:15:25.989Z] 🐛 Performing IoT system health check
[2025-09-02T08:15:25.989Z] 🐛 IoT system health check completed
[2025-09-02T08:15:25.989Z] 🐛 Cleaning up inactive IoT devices
[2025-09-02T08:15:25.989Z] 🐛 IoT device cleanup completed
[2025-09-02T08:20:25.949Z] 🐛 Cleaning up expired visitors
[2025-09-02T08:20:25.955Z] 🐛 Updating visitor metrics
[2025-09-02T08:20:25.955Z] 🐛 Visitor metrics updated
[2025-09-02T08:20:25.967Z] 🐛 Syncing all calendars
[2025-09-02T08:20:25.967Z] 🐛 Starting sync for zoom with config: {
  enabled: true,
  lastSync: '2025-09-02T08:15:25.977Z',
  rateLimitRemaining: undefined
}
[2025-09-02T08:20:25.968Z] 🐛 Syncing zoom platform for user [object Object]
[2025-09-02T08:20:25.968Z] 🐛 zoom sync completed: 5 events
[2025-09-02T08:20:25.968Z] 🐛 Starting sync for teams with config: {
  enabled: true,
  lastSync: '2025-09-02T08:15:25.977Z',
  rateLimitRemaining: undefined
}
[2025-09-02T08:20:25.968Z] 🐛 Syncing teams platform for user [object Object]
[2025-09-02T08:20:25.968Z] 🐛 teams sync completed: 22 events
[2025-09-02T08:20:25.968Z] 🐛 Starting sync for webex with config: {
  enabled: true,
  lastSync: '2025-09-02T08:15:25.977Z',
  rateLimitRemaining: undefined
}
[2025-09-02T08:20:25.968Z] 🐛 Syncing webex platform for user [object Object]
[2025-09-02T08:20:25.968Z] 🐛 webex sync completed: 18 events
[2025-09-02T08:20:25.968Z] 🐛 Starting sync for google with config: {
  enabled: true,
  lastSync: '2025-09-02T08:15:25.977Z',
  rateLimitRemaining: undefined
}
[2025-09-02T08:20:25.968Z] 🐛 Syncing google platform for user [object Object]
[2025-09-02T08:20:25.968Z] 🐛 google sync completed: 9 events
[2025-09-02T08:20:25.968Z] 🐛 Starting sync for slack with config: {
  enabled: true,
  lastSync: '2025-09-02T08:15:25.977Z',
  rateLimitRemaining: undefined
}
[2025-09-02T08:20:25.968Z] 🐛 Syncing slack platform for user [object Object]
[2025-09-02T08:20:25.968Z] 🐛 slack sync completed: 19 events
[2025-09-02T08:20:25.975Z] 🐛 Collecting all metrics...
[2025-09-02T08:20:25.975Z] 🐛 Metrics collection completed
[2025-09-02T08:20:25.984Z] 🐛 Syncing all calendars
[2025-09-02T08:20:25.985Z] 🐛 Starting sync for zoom with config: {
  enabled: true,
  lastSync: '2025-09-02T08:20:25.968Z',
  rateLimitRemaining: undefined
}
[2025-09-02T08:20:25.985Z] 🐛 Syncing zoom platform for user [object Object]
[2025-09-02T08:20:25.985Z] 🐛 zoom sync completed: 11 events
[2025-09-02T08:20:25.985Z] 🐛 Starting sync for teams with config: {
  enabled: true,
  lastSync: '2025-09-02T08:20:25.968Z',
  rateLimitRemaining: undefined
}
[2025-09-02T08:20:25.985Z] 🐛 Syncing teams platform for user [object Object]
[2025-09-02T08:20:25.985Z] 🐛 teams sync completed: 10 events
[2025-09-02T08:20:25.985Z] 🐛 Starting sync for webex with config: {
  enabled: true,
  lastSync: '2025-09-02T08:20:25.968Z',
  rateLimitRemaining: undefined
}
[2025-09-02T08:20:25.985Z] 🐛 Syncing webex platform for user [object Object]
[2025-09-02T08:20:25.985Z] 🐛 webex sync completed: 13 events
[2025-09-02T08:20:25.985Z] 🐛 Starting sync for google with config: {
  enabled: true,
  lastSync: '2025-09-02T08:20:25.968Z',
  rateLimitRemaining: undefined
}
[2025-09-02T08:20:25.986Z] 🐛 Syncing google platform for user [object Object]
[2025-09-02T08:20:25.986Z] 🐛 google sync completed: 22 events
[2025-09-02T08:20:25.986Z] 🐛 Starting sync for slack with config: {
  enabled: true,
  lastSync: '2025-09-02T08:20:25.968Z',
  rateLimitRemaining: undefined
}
[2025-09-02T08:20:25.986Z] 🐛 Syncing slack platform for user [object Object]
[2025-09-02T08:20:25.986Z] 🐛 slack sync completed: 11 events
[2025-09-02T08:20:25.996Z] 🐛 Performing IoT system health check
[2025-09-02T08:20:25.996Z] 🐛 IoT system health check completed
[2025-09-02T08:20:25.996Z] 🐛 Cleaning up inactive IoT devices
[2025-09-02T08:20:25.996Z] 🐛 IoT device cleanup completed
[2025-09-02T08:25:25.925Z] 🐛 Cleaning up expired bookings
[2025-09-02T08:25:25.927Z] 🐛 Updating availability metrics
[2025-09-02T08:25:25.927Z] 🐛 Availability metrics updated
[2025-09-02T08:25:25.951Z] 🐛 Collecting all metrics...
[2025-09-02T08:25:25.951Z] 🐛 Metrics collection completed
[2025-09-02T08:25:25.959Z] 🐛 Syncing all calendars
[2025-09-02T08:25:25.959Z] 🐛 Starting sync for zoom with config: {
  enabled: true,
  lastSync: '2025-09-02T08:20:25.985Z',
  rateLimitRemaining: undefined
}
[2025-09-02T08:25:25.959Z] 🐛 Syncing zoom platform for user [object Object]
[2025-09-02T08:25:25.959Z] 🐛 zoom sync completed: 6 events
[2025-09-02T08:25:25.959Z] 🐛 Starting sync for teams with config: {
  enabled: true,
  lastSync: '2025-09-02T08:20:25.985Z',
  rateLimitRemaining: undefined
}
[2025-09-02T08:25:25.959Z] 🐛 Syncing teams platform for user [object Object]
[2025-09-02T08:25:25.959Z] 🐛 teams sync completed: 11 events
[2025-09-02T08:25:25.959Z] 🐛 Starting sync for webex with config: {
  enabled: true,
  lastSync: '2025-09-02T08:20:25.985Z',
  rateLimitRemaining: undefined
}
[2025-09-02T08:25:25.959Z] 🐛 Syncing webex platform for user [object Object]
[2025-09-02T08:25:25.959Z] 🐛 webex sync completed: 18 events
[2025-09-02T08:25:25.959Z] 🐛 Starting sync for google with config: {
  enabled: true,
  lastSync: '2025-09-02T08:20:25.986Z',
  rateLimitRemaining: undefined
}
[2025-09-02T08:25:25.959Z] 🐛 Syncing google platform for user [object Object]
[2025-09-02T08:25:25.959Z] 🐛 google sync completed: 14 events
[2025-09-02T08:25:25.959Z] 🐛 Starting sync for slack with config: {
  enabled: true,
  lastSync: '2025-09-02T08:20:25.986Z',
  rateLimitRemaining: undefined
}
[2025-09-02T08:25:25.959Z] 🐛 Syncing slack platform for user [object Object]
[2025-09-02T08:25:25.959Z] 🐛 slack sync completed: 21 events
[2025-09-02T08:25:25.971Z] 🐛 Performing IoT system health check
[2025-09-02T08:25:25.971Z] 🐛 IoT system health check completed
[2025-09-02T08:25:25.971Z] 🐛 Cleaning up inactive IoT devices
[2025-09-02T08:25:25.971Z] 🐛 IoT device cleanup completed
[2025-09-02T08:30:25.956Z] 🐛 Collecting all metrics...
[2025-09-02T08:30:25.965Z] 🐛 Metrics collection completed
[2025-09-02T08:30:25.965Z] 🐛 Syncing all calendars
[2025-09-02T08:30:25.965Z] 🐛 Starting sync for zoom with config: {
  enabled: true,
  lastSync: '2025-09-02T08:25:25.959Z',
  rateLimitRemaining: undefined
}
[2025-09-02T08:30:25.966Z] 🐛 Syncing zoom platform for user [object Object]
[2025-09-02T08:30:25.966Z] 🐛 zoom sync completed: 6 events
[2025-09-02T08:30:25.966Z] 🐛 Starting sync for teams with config: {
  enabled: true,
  lastSync: '2025-09-02T08:25:25.959Z',
  rateLimitRemaining: undefined
}
[2025-09-02T08:30:25.966Z] 🐛 Syncing teams platform for user [object Object]
[2025-09-02T08:30:25.966Z] 🐛 teams sync completed: 5 events
[2025-09-02T08:30:25.966Z] 🐛 Starting sync for webex with config: {
  enabled: true,
  lastSync: '2025-09-02T08:25:25.959Z',
  rateLimitRemaining: undefined
}
[2025-09-02T08:30:25.966Z] 🐛 Syncing webex platform for user [object Object]
[2025-09-02T08:30:25.966Z] 🐛 webex sync completed: 13 events
[2025-09-02T08:30:25.966Z] 🐛 Starting sync for google with config: {
  enabled: true,
  lastSync: '2025-09-02T08:25:25.959Z',
  rateLimitRemaining: undefined
}
[2025-09-02T08:30:25.966Z] 🐛 Syncing google platform for user [object Object]
[2025-09-02T08:30:25.966Z] 🐛 google sync completed: 7 events
[2025-09-02T08:30:25.966Z] 🐛 Starting sync for slack with config: {
  enabled: true,
  lastSync: '2025-09-02T08:25:25.959Z',
  rateLimitRemaining: undefined
}
[2025-09-02T08:30:25.966Z] 🐛 Syncing slack platform for user [object Object]
[2025-09-02T08:30:25.966Z] 🐛 slack sync completed: 22 events
[2025-09-02T08:30:25.975Z] 🐛 Performing IoT system health check
[2025-09-02T08:30:25.975Z] 🐛 IoT system health check completed
[2025-09-02T08:30:25.975Z] 🐛 Cleaning up inactive IoT devices
[2025-09-02T08:30:25.975Z] 🐛 IoT device cleanup completed
[2025-09-02T08:35:25.927Z] 🐛 Cleaning up expired visitors
[2025-09-02T08:35:25.928Z] 🐛 Updating visitor metrics
[2025-09-02T08:35:25.928Z] 🐛 Visitor metrics updated
[2025-09-02T08:35:25.930Z] 🐛 Cleaning up expired bookings
[2025-09-02T08:35:25.930Z] 🐛 Updating availability metrics
[2025-09-02T08:35:25.930Z] 🐛 Availability metrics updated
[2025-09-02T08:35:25.944Z] 🐛 Syncing all calendars
[2025-09-02T08:35:25.944Z] 🐛 Starting sync for zoom with config: {
  enabled: true,
  lastSync: '2025-09-02T08:30:25.966Z',
  rateLimitRemaining: undefined
}
[2025-09-02T08:35:25.944Z] 🐛 Syncing zoom platform for user [object Object]
[2025-09-02T08:35:25.944Z] 🐛 zoom sync completed: 17 events
[2025-09-02T08:35:25.944Z] 🐛 Starting sync for teams with config: {
  enabled: true,
  lastSync: '2025-09-02T08:30:25.966Z',
  rateLimitRemaining: undefined
}
[2025-09-02T08:35:25.944Z] 🐛 Syncing teams platform for user [object Object]
[2025-09-02T08:35:25.944Z] 🐛 teams sync completed: 22 events
[2025-09-02T08:35:25.944Z] 🐛 Starting sync for webex with config: {
  enabled: true,
  lastSync: '2025-09-02T08:30:25.966Z',
  rateLimitRemaining: undefined
}
[2025-09-02T08:35:25.944Z] 🐛 Syncing webex platform for user [object Object]
[2025-09-02T08:35:25.944Z] 🐛 webex sync completed: 16 events
[2025-09-02T08:35:25.944Z] 🐛 Starting sync for google with config: {
  enabled: true,
  lastSync: '2025-09-02T08:30:25.966Z',
  rateLimitRemaining: undefined
}
[2025-09-02T08:35:25.944Z] 🐛 Syncing google platform for user [object Object]
[2025-09-02T08:35:25.944Z] 🐛 google sync completed: 11 events
[2025-09-02T08:35:25.944Z] 🐛 Starting sync for slack with config: {
  enabled: true,
  lastSync: '2025-09-02T08:30:25.966Z',
  rateLimitRemaining: undefined
}
[2025-09-02T08:35:25.944Z] 🐛 Syncing slack platform for user [object Object]
[2025-09-02T08:35:25.944Z] 🐛 slack sync completed: 21 events
[2025-09-02T08:35:25.959Z] 🐛 Collecting all metrics...
[2025-09-02T08:35:25.959Z] 🐛 Metrics collection completed
[2025-09-02T08:35:25.969Z] 🐛 Syncing all calendars
[2025-09-02T08:35:25.970Z] 🐛 Starting sync for zoom with config: {
  enabled: true,
  lastSync: '2025-09-02T08:35:25.944Z',
  rateLimitRemaining: undefined
}
[2025-09-02T08:35:25.970Z] 🐛 Syncing zoom platform for user [object Object]
[2025-09-02T08:35:25.970Z] 🐛 zoom sync completed: 15 events
[2025-09-02T08:35:25.970Z] 🐛 Starting sync for teams with config: {
  enabled: true,
  lastSync: '2025-09-02T08:35:25.944Z',
  rateLimitRemaining: undefined
}
[2025-09-02T08:35:25.970Z] 🐛 Syncing teams platform for user [object Object]
[2025-09-02T08:35:25.970Z] 🐛 teams sync completed: 8 events
[2025-09-02T08:35:25.970Z] 🐛 Starting sync for webex with config: {
  enabled: true,
  lastSync: '2025-09-02T08:35:25.944Z',
  rateLimitRemaining: undefined
}
[2025-09-02T08:35:25.970Z] 🐛 Syncing webex platform for user [object Object]
[2025-09-02T08:35:25.970Z] 🐛 webex sync completed: 22 events
[2025-09-02T08:35:25.970Z] 🐛 Starting sync for google with config: {
  enabled: true,
  lastSync: '2025-09-02T08:35:25.944Z',
  rateLimitRemaining: undefined
}
[2025-09-02T08:35:25.970Z] 🐛 Syncing google platform for user [object Object]
[2025-09-02T08:35:25.970Z] 🐛 google sync completed: 22 events
[2025-09-02T08:35:25.970Z] 🐛 Starting sync for slack with config: {
  enabled: true,
  lastSync: '2025-09-02T08:35:25.944Z',
  rateLimitRemaining: undefined
}
[2025-09-02T08:35:25.970Z] 🐛 Syncing slack platform for user [object Object]
[2025-09-02T08:35:25.970Z] 🐛 slack sync completed: 5 events
[2025-09-02T08:35:25.980Z] 🐛 Performing IoT system health check
[2025-09-02T08:35:25.980Z] 🐛 IoT system health check completed
[2025-09-02T08:35:25.980Z] 🐛 Cleaning up inactive IoT devices
[2025-09-02T08:35:25.980Z] 🐛 IoT device cleanup completed
[2025-09-02T08:40:25.966Z] 🐛 Collecting all metrics...
[2025-09-02T08:40:25.971Z] 🐛 Metrics collection completed
[2025-09-02T08:40:25.973Z] 🐛 Syncing all calendars
[2025-09-02T08:40:25.973Z] 🐛 Starting sync for zoom with config: {
  enabled: true,
  lastSync: '2025-09-02T08:35:25.970Z',
  rateLimitRemaining: undefined
}
[2025-09-02T08:40:25.973Z] 🐛 Syncing zoom platform for user [object Object]
[2025-09-02T08:40:25.973Z] 🐛 zoom sync completed: 22 events
[2025-09-02T08:40:25.973Z] 🐛 Starting sync for teams with config: {
  enabled: true,
  lastSync: '2025-09-02T08:35:25.970Z',
  rateLimitRemaining: undefined
}
[2025-09-02T08:40:25.973Z] 🐛 Syncing teams platform for user [object Object]
[2025-09-02T08:40:25.973Z] 🐛 teams sync completed: 16 events
[2025-09-02T08:40:25.974Z] 🐛 Starting sync for webex with config: {
  enabled: true,
  lastSync: '2025-09-02T08:35:25.970Z',
  rateLimitRemaining: undefined
}
[2025-09-02T08:40:25.974Z] 🐛 Syncing webex platform for user [object Object]
[2025-09-02T08:40:25.974Z] 🐛 webex sync completed: 9 events
[2025-09-02T08:40:25.974Z] 🐛 Starting sync for google with config: {
  enabled: true,
  lastSync: '2025-09-02T08:35:25.970Z',
  rateLimitRemaining: undefined
}
[2025-09-02T08:40:25.974Z] 🐛 Syncing google platform for user [object Object]
[2025-09-02T08:40:25.974Z] 🐛 google sync completed: 15 events
[2025-09-02T08:40:25.974Z] 🐛 Starting sync for slack with config: {
  enabled: true,
  lastSync: '2025-09-02T08:35:25.970Z',
  rateLimitRemaining: undefined
}
[2025-09-02T08:40:25.974Z] 🐛 Syncing slack platform for user [object Object]
[2025-09-02T08:40:25.974Z] 🐛 slack sync completed: 11 events
[2025-09-02T08:40:25.983Z] 🐛 Performing IoT system health check
[2025-09-02T08:40:25.983Z] 🐛 IoT system health check completed
[2025-09-02T08:40:25.983Z] 🐛 Cleaning up inactive IoT devices
[2025-09-02T08:40:25.983Z] 🐛 IoT device cleanup completed
[2025-09-02T08:45:25.936Z] 🐛 Cleaning up expired bookings
[2025-09-02T08:45:25.937Z] 🐛 Updating availability metrics
[2025-09-02T08:45:25.937Z] 🐛 Availability metrics updated
[2025-09-02T08:45:25.970Z] 🐛 Collecting all metrics...
[2025-09-02T08:45:25.970Z] 🐛 Metrics collection completed
[2025-09-02T08:45:25.975Z] 🐛 Syncing all calendars
[2025-09-02T08:45:25.975Z] 🐛 Starting sync for zoom with config: {
  enabled: true,
  lastSync: '2025-09-02T08:40:25.973Z',
  rateLimitRemaining: undefined
}
[2025-09-02T08:45:25.975Z] 🐛 Syncing zoom platform for user [object Object]
[2025-09-02T08:45:25.975Z] 🐛 zoom sync completed: 9 events
[2025-09-02T08:45:25.975Z] 🐛 Starting sync for teams with config: {
  enabled: true,
  lastSync: '2025-09-02T08:40:25.973Z',
  rateLimitRemaining: undefined
}
[2025-09-02T08:45:25.975Z] 🐛 Syncing teams platform for user [object Object]
[2025-09-02T08:45:25.975Z] 🐛 teams sync completed: 10 events
[2025-09-02T08:45:25.975Z] 🐛 Starting sync for webex with config: {
  enabled: true,
  lastSync: '2025-09-02T08:40:25.974Z',
  rateLimitRemaining: undefined
}
[2025-09-02T08:45:25.975Z] 🐛 Syncing webex platform for user [object Object]
[2025-09-02T08:45:25.975Z] 🐛 webex sync completed: 21 events
[2025-09-02T08:45:25.975Z] 🐛 Starting sync for google with config: {
  enabled: true,
  lastSync: '2025-09-02T08:40:25.974Z',
  rateLimitRemaining: undefined
}
[2025-09-02T08:45:25.975Z] 🐛 Syncing google platform for user [object Object]
[2025-09-02T08:45:25.976Z] 🐛 google sync completed: 14 events
[2025-09-02T08:45:25.976Z] 🐛 Starting sync for slack with config: {
  enabled: true,
  lastSync: '2025-09-02T08:40:25.974Z',
  rateLimitRemaining: undefined
}
[2025-09-02T08:45:25.976Z] 🐛 Syncing slack platform for user [object Object]
[2025-09-02T08:45:25.976Z] 🐛 slack sync completed: 14 events
[2025-09-02T08:45:25.986Z] 🐛 Performing IoT system health check
[2025-09-02T08:45:25.986Z] 🐛 IoT system health check completed
[2025-09-02T08:45:25.986Z] 🐛 Cleaning up inactive IoT devices
[2025-09-02T08:45:25.986Z] 🐛 IoT device cleanup completed
[2025-09-02T08:50:25.937Z] 🐛 Cleaning up expired visitors
[2025-09-02T08:50:25.942Z] 🐛 Updating visitor metrics
[2025-09-02T08:50:25.942Z] 🐛 Visitor metrics updated
[2025-09-02T08:50:25.952Z] 🐛 Syncing all calendars
[2025-09-02T08:50:25.952Z] 🐛 Starting sync for zoom with config: {
  enabled: true,
  lastSync: '2025-09-02T08:45:25.975Z',
  rateLimitRemaining: undefined
}
[2025-09-02T08:50:25.952Z] 🐛 Syncing zoom platform for user [object Object]
[2025-09-02T08:50:25.952Z] 🐛 zoom sync completed: 19 events
[2025-09-02T08:50:25.952Z] 🐛 Starting sync for teams with config: {
  enabled: true,
  lastSync: '2025-09-02T08:45:25.975Z',
  rateLimitRemaining: undefined
}
[2025-09-02T08:50:25.952Z] 🐛 Syncing teams platform for user [object Object]
[2025-09-02T08:50:25.952Z] 🐛 teams sync completed: 21 events
[2025-09-02T08:50:25.952Z] 🐛 Starting sync for webex with config: {
  enabled: true,
  lastSync: '2025-09-02T08:45:25.975Z',
  rateLimitRemaining: undefined
}
[2025-09-02T08:50:25.952Z] 🐛 Syncing webex platform for user [object Object]
[2025-09-02T08:50:25.952Z] 🐛 webex sync completed: 16 events
[2025-09-02T08:50:25.952Z] 🐛 Starting sync for google with config: {
  enabled: true,
  lastSync: '2025-09-02T08:45:25.976Z',
  rateLimitRemaining: undefined
}
[2025-09-02T08:50:25.952Z] 🐛 Syncing google platform for user [object Object]
[2025-09-02T08:50:25.952Z] 🐛 google sync completed: 19 events
[2025-09-02T08:50:25.953Z] 🐛 Starting sync for slack with config: {
  enabled: true,
  lastSync: '2025-09-02T08:45:25.980Z',
  rateLimitRemaining: undefined
}
[2025-09-02T08:50:25.953Z] 🐛 Syncing slack platform for user [object Object]
[2025-09-02T08:50:25.953Z] 🐛 slack sync completed: 16 events
[2025-09-02T08:50:25.974Z] 🐛 Collecting all metrics...
[2025-09-02T08:50:25.974Z] 🐛 Metrics collection completed
[2025-09-02T08:50:25.978Z] 🐛 Syncing all calendars
[2025-09-02T08:50:25.978Z] 🐛 Starting sync for zoom with config: {
  enabled: true,
  lastSync: '2025-09-02T08:50:25.952Z',
  rateLimitRemaining: undefined
}
[2025-09-02T08:50:25.978Z] 🐛 Syncing zoom platform for user [object Object]
[2025-09-02T08:50:25.978Z] 🐛 zoom sync completed: 14 events
[2025-09-02T08:50:25.978Z] 🐛 Starting sync for teams with config: {
  enabled: true,
  lastSync: '2025-09-02T08:50:25.952Z',
  rateLimitRemaining: undefined
}
[2025-09-02T08:50:25.978Z] 🐛 Syncing teams platform for user [object Object]
[2025-09-02T08:50:25.978Z] 🐛 teams sync completed: 8 events
[2025-09-02T08:50:25.978Z] 🐛 Starting sync for webex with config: {
  enabled: true,
  lastSync: '2025-09-02T08:50:25.952Z',
  rateLimitRemaining: undefined
}
[2025-09-02T08:50:25.978Z] 🐛 Syncing webex platform for user [object Object]
[2025-09-02T08:50:25.978Z] 🐛 webex sync completed: 7 events
[2025-09-02T08:50:25.978Z] 🐛 Starting sync for google with config: {
  enabled: true,
  lastSync: '2025-09-02T08:50:25.953Z',
  rateLimitRemaining: undefined
}
[2025-09-02T08:50:25.978Z] 🐛 Syncing google platform for user [object Object]
[2025-09-02T08:50:25.978Z] 🐛 google sync completed: 19 events
[2025-09-02T08:50:25.978Z] 🐛 Starting sync for slack with config: {
  enabled: true,
  lastSync: '2025-09-02T08:50:25.953Z',
  rateLimitRemaining: undefined
}
[2025-09-02T08:50:25.979Z] 🐛 Syncing slack platform for user [object Object]
[2025-09-02T08:50:25.979Z] 🐛 slack sync completed: 15 events
[2025-09-02T08:50:25.993Z] 🐛 Performing IoT system health check
[2025-09-02T08:50:25.993Z] 🐛 IoT system health check completed
[2025-09-02T08:50:25.993Z] 🐛 Cleaning up inactive IoT devices
[2025-09-02T08:50:25.993Z] 🐛 IoT device cleanup completed
[2025-09-02T08:55:25.939Z] 🐛 Cleaning up expired bookings
[2025-09-02T08:55:25.940Z] 🐛 Updating availability metrics
[2025-09-02T08:55:25.940Z] 🐛 Availability metrics updated
[2025-09-02T08:55:25.976Z] 🐛 Collecting all metrics...
[2025-09-02T08:55:25.976Z] 🐛 Metrics collection completed
[2025-09-02T08:55:25.979Z] 🐛 Syncing all calendars
[2025-09-02T08:55:25.979Z] 🐛 Starting sync for zoom with config: {
  enabled: true,
  lastSync: '2025-09-02T08:50:25.978Z',
  rateLimitRemaining: undefined
}
[2025-09-02T08:55:25.982Z] 🐛 Syncing zoom platform for user [object Object]
[2025-09-02T08:55:25.982Z] 🐛 zoom sync completed: 23 events
[2025-09-02T08:55:25.982Z] 🐛 Starting sync for teams with config: {
  enabled: true,
  lastSync: '2025-09-02T08:50:25.978Z',
  rateLimitRemaining: undefined
}
[2025-09-02T08:55:25.982Z] 🐛 Syncing teams platform for user [object Object]
[2025-09-02T08:55:25.982Z] 🐛 teams sync completed: 18 events
[2025-09-02T08:55:25.982Z] 🐛 Starting sync for webex with config: {
  enabled: true,
  lastSync: '2025-09-02T08:50:25.978Z',
  rateLimitRemaining: undefined
}
[2025-09-02T08:55:25.982Z] 🐛 Syncing webex platform for user [object Object]
[2025-09-02T08:55:25.982Z] 🐛 webex sync completed: 21 events
[2025-09-02T08:55:25.982Z] 🐛 Starting sync for google with config: {
  enabled: true,
  lastSync: '2025-09-02T08:50:25.978Z',
  rateLimitRemaining: undefined
}
[2025-09-02T08:55:25.982Z] 🐛 Syncing google platform for user [object Object]
[2025-09-02T08:55:25.982Z] 🐛 google sync completed: 9 events
[2025-09-02T08:55:25.982Z] 🐛 Starting sync for slack with config: {
  enabled: true,
  lastSync: '2025-09-02T08:50:25.979Z',
  rateLimitRemaining: undefined
}
[2025-09-02T08:55:25.982Z] 🐛 Syncing slack platform for user [object Object]
[2025-09-02T08:55:25.982Z] 🐛 slack sync completed: 13 events
[2025-09-02T08:55:25.994Z] 🐛 Performing IoT system health check
[2025-09-02T08:55:25.994Z] 🐛 IoT system health check completed
[2025-09-02T08:55:25.994Z] 🐛 Cleaning up inactive IoT devices
[2025-09-02T08:55:25.994Z] 🐛 IoT device cleanup completed
[2025-09-02T09:00:25.980Z] 🐛 Collecting all metrics...
[2025-09-02T09:00:25.982Z] 🐛 Metrics collection completed
[2025-09-02T09:00:25.982Z] 🐛 Syncing all calendars
[2025-09-02T09:00:25.982Z] 🐛 Starting sync for zoom with config: {
  enabled: true,
  lastSync: '2025-09-02T08:55:25.982Z',
  rateLimitRemaining: undefined
}
[2025-09-02T09:00:25.982Z] 🐛 Syncing zoom platform for user [object Object]
[2025-09-02T09:00:25.982Z] 🐛 zoom sync completed: 23 events
[2025-09-02T09:00:25.982Z] 🐛 Starting sync for teams with config: {
  enabled: true,
  lastSync: '2025-09-02T08:55:25.982Z',
  rateLimitRemaining: undefined
}
[2025-09-02T09:00:25.982Z] 🐛 Syncing teams platform for user [object Object]
[2025-09-02T09:00:25.982Z] 🐛 teams sync completed: 20 events
[2025-09-02T09:00:25.982Z] 🐛 Starting sync for webex with config: {
  enabled: true,
  lastSync: '2025-09-02T08:55:25.982Z',
  rateLimitRemaining: undefined
}
[2025-09-02T09:00:25.982Z] 🐛 Syncing webex platform for user [object Object]
[2025-09-02T09:00:25.982Z] 🐛 webex sync completed: 24 events
[2025-09-02T09:00:25.982Z] 🐛 Starting sync for google with config: {
  enabled: true,
  lastSync: '2025-09-02T08:55:25.982Z',
  rateLimitRemaining: undefined
}
[2025-09-02T09:00:25.982Z] 🐛 Syncing google platform for user [object Object]
[2025-09-02T09:00:25.982Z] 🐛 google sync completed: 12 events
[2025-09-02T09:00:25.982Z] 🐛 Starting sync for slack with config: {
  enabled: true,
  lastSync: '2025-09-02T08:55:25.982Z',
  rateLimitRemaining: undefined
}
[2025-09-02T09:00:25.982Z] 🐛 Syncing slack platform for user [object Object]
[2025-09-02T09:00:25.982Z] 🐛 slack sync completed: 9 events
[2025-09-02T09:00:25.997Z] 🐛 Performing IoT system health check
[2025-09-02T09:00:25.998Z] 🐛 IoT system health check completed
[2025-09-02T09:00:25.998Z] 🐛 Cleaning up inactive IoT devices
[2025-09-02T09:00:25.998Z] 🐛 IoT device cleanup completed
[2025-09-02T09:05:25.941Z] 🐛 Cleaning up expired visitors
[2025-09-02T09:05:25.946Z] 🐛 Updating visitor metrics
[2025-09-02T09:05:25.946Z] 🐛 Visitor metrics updated
[2025-09-02T09:05:25.946Z] 🐛 Cleaning up expired bookings
[2025-09-02T09:05:25.946Z] 🐛 Updating availability metrics
[2025-09-02T09:05:25.946Z] 🐛 Availability metrics updated
[2025-09-02T09:05:25.956Z] 🐛 Syncing all calendars
[2025-09-02T09:05:25.956Z] 🐛 Starting sync for zoom with config: {
  enabled: true,
  lastSync: '2025-09-02T09:00:25.982Z',
  rateLimitRemaining: undefined
}
[2025-09-02T09:05:25.958Z] 🐛 Syncing zoom platform for user [object Object]
[2025-09-02T09:05:25.958Z] 🐛 zoom sync completed: 16 events
[2025-09-02T09:05:25.958Z] 🐛 Starting sync for teams with config: {
  enabled: true,
  lastSync: '2025-09-02T09:00:25.982Z',
  rateLimitRemaining: undefined
}
[2025-09-02T09:05:25.958Z] 🐛 Syncing teams platform for user [object Object]
[2025-09-02T09:05:25.958Z] 🐛 teams sync completed: 15 events
[2025-09-02T09:05:25.958Z] 🐛 Starting sync for webex with config: {
  enabled: true,
  lastSync: '2025-09-02T09:00:25.982Z',
  rateLimitRemaining: undefined
}
[2025-09-02T09:05:25.958Z] 🐛 Syncing webex platform for user [object Object]
[2025-09-02T09:05:25.958Z] 🐛 webex sync completed: 9 events
[2025-09-02T09:05:25.958Z] 🐛 Starting sync for google with config: {
  enabled: true,
  lastSync: '2025-09-02T09:00:25.982Z',
  rateLimitRemaining: undefined
}
[2025-09-02T09:05:25.958Z] 🐛 Syncing google platform for user [object Object]
[2025-09-02T09:05:25.958Z] 🐛 google sync completed: 16 events
[2025-09-02T09:05:25.958Z] 🐛 Starting sync for slack with config: {
  enabled: true,
  lastSync: '2025-09-02T09:00:25.982Z',
  rateLimitRemaining: undefined
}
[2025-09-02T09:05:25.958Z] 🐛 Syncing slack platform for user [object Object]
[2025-09-02T09:05:25.958Z] 🐛 slack sync completed: 16 events
[2025-09-02T09:05:25.984Z] 🐛 Collecting all metrics...
[2025-09-02T09:05:25.984Z] 🐛 Metrics collection completed
[2025-09-02T09:05:25.984Z] 🐛 Syncing all calendars
[2025-09-02T09:05:25.984Z] 🐛 Starting sync for zoom with config: {
  enabled: true,
  lastSync: '2025-09-02T09:05:25.958Z',
  rateLimitRemaining: undefined
}
[2025-09-02T09:05:25.984Z] 🐛 Syncing zoom platform for user [object Object]
[2025-09-02T09:05:25.984Z] 🐛 zoom sync completed: 10 events
[2025-09-02T09:05:25.984Z] 🐛 Starting sync for teams with config: {
  enabled: true,
  lastSync: '2025-09-02T09:05:25.958Z',
  rateLimitRemaining: undefined
}
[2025-09-02T09:05:25.984Z] 🐛 Syncing teams platform for user [object Object]
[2025-09-02T09:05:25.984Z] 🐛 teams sync completed: 13 events
[2025-09-02T09:05:25.984Z] 🐛 Starting sync for webex with config: {
  enabled: true,
  lastSync: '2025-09-02T09:05:25.958Z',
  rateLimitRemaining: undefined
}
[2025-09-02T09:05:25.984Z] 🐛 Syncing webex platform for user [object Object]
[2025-09-02T09:05:25.984Z] 🐛 webex sync completed: 16 events
[2025-09-02T09:05:25.984Z] 🐛 Starting sync for google with config: {
  enabled: true,
  lastSync: '2025-09-02T09:05:25.958Z',
  rateLimitRemaining: undefined
}
[2025-09-02T09:05:25.984Z] 🐛 Syncing google platform for user [object Object]
[2025-09-02T09:05:25.984Z] 🐛 google sync completed: 15 events
[2025-09-02T09:05:25.984Z] 🐛 Starting sync for slack with config: {
  enabled: true,
  lastSync: '2025-09-02T09:05:25.958Z',
  rateLimitRemaining: undefined
}
[2025-09-02T09:05:25.985Z] 🐛 Syncing slack platform for user [object Object]
[2025-09-02T09:05:25.985Z] 🐛 slack sync completed: 8 events
[2025-09-02T09:05:26.001Z] 🐛 Performing IoT system health check
[2025-09-02T09:05:26.001Z] 🐛 IoT system health check completed
[2025-09-02T09:05:26.001Z] 🐛 Cleaning up inactive IoT devices
[2025-09-02T09:05:26.001Z] 🐛 IoT device cleanup completed
[2025-09-02T09:10:25.989Z] 🐛 Collecting all metrics...
[2025-09-02T09:10:25.992Z] 🐛 Metrics collection completed
[2025-09-02T09:10:25.993Z] 🐛 Syncing all calendars
[2025-09-02T09:10:25.993Z] 🐛 Starting sync for zoom with config: {
  enabled: true,
  lastSync: '2025-09-02T09:05:25.984Z',
  rateLimitRemaining: undefined
}
[2025-09-02T09:10:25.993Z] 🐛 Syncing zoom platform for user [object Object]
[2025-09-02T09:10:25.993Z] 🐛 zoom sync completed: 13 events
[2025-09-02T09:10:25.994Z] 🐛 Starting sync for teams with config: {
  enabled: true,
  lastSync: '2025-09-02T09:05:25.984Z',
  rateLimitRemaining: undefined
}
[2025-09-02T09:10:25.994Z] 🐛 Syncing teams platform for user [object Object]
[2025-09-02T09:10:25.994Z] 🐛 teams sync completed: 11 events
[2025-09-02T09:10:25.994Z] 🐛 Starting sync for webex with config: {
  enabled: true,
  lastSync: '2025-09-02T09:05:25.984Z',
  rateLimitRemaining: undefined
}
[2025-09-02T09:10:25.994Z] 🐛 Syncing webex platform for user [object Object]
[2025-09-02T09:10:25.994Z] 🐛 webex sync completed: 21 events
[2025-09-02T09:10:25.994Z] 🐛 Starting sync for google with config: {
  enabled: true,
  lastSync: '2025-09-02T09:05:25.984Z',
  rateLimitRemaining: undefined
}
[2025-09-02T09:10:25.994Z] 🐛 Syncing google platform for user [object Object]
[2025-09-02T09:10:25.994Z] 🐛 google sync completed: 19 events
[2025-09-02T09:10:25.994Z] 🐛 Starting sync for slack with config: {
  enabled: true,
  lastSync: '2025-09-02T09:05:25.985Z',
  rateLimitRemaining: undefined
}
[2025-09-02T09:10:25.994Z] 🐛 Syncing slack platform for user [object Object]
[2025-09-02T09:10:25.994Z] 🐛 slack sync completed: 22 events
[2025-09-02T09:10:26.010Z] 🐛 Performing IoT system health check
[2025-09-02T09:10:26.010Z] 🐛 IoT system health check completed
[2025-09-02T09:10:26.011Z] 🐛 Cleaning up inactive IoT devices
[2025-09-02T09:10:26.011Z] 🐛 IoT device cleanup completed
[2025-09-02T09:15:25.951Z] 🐛 Cleaning up expired bookings
[2025-09-02T09:15:25.952Z] 🐛 Updating availability metrics
[2025-09-02T09:15:25.952Z] 🐛 Availability metrics updated
[2025-09-02T09:15:25.993Z] 🐛 Collecting all metrics...
[2025-09-02T09:15:25.993Z] 🐛 Metrics collection completed
[2025-09-02T09:15:25.995Z] 🐛 Syncing all calendars
[2025-09-02T09:15:25.995Z] 🐛 Starting sync for zoom with config: {
  enabled: true,
  lastSync: '2025-09-02T09:10:25.994Z',
  rateLimitRemaining: undefined
}
[2025-09-02T09:15:25.995Z] 🐛 Syncing zoom platform for user [object Object]
[2025-09-02T09:15:25.995Z] 🐛 zoom sync completed: 10 events
[2025-09-02T09:15:25.995Z] 🐛 Starting sync for teams with config: {
  enabled: true,
  lastSync: '2025-09-02T09:10:25.994Z',
  rateLimitRemaining: undefined
}
[2025-09-02T09:15:25.995Z] 🐛 Syncing teams platform for user [object Object]
[2025-09-02T09:15:25.995Z] 🐛 teams sync completed: 16 events
[2025-09-02T09:15:25.995Z] 🐛 Starting sync for webex with config: {
  enabled: true,
  lastSync: '2025-09-02T09:10:25.994Z',
  rateLimitRemaining: undefined
}
[2025-09-02T09:15:25.995Z] 🐛 Syncing webex platform for user [object Object]
[2025-09-02T09:15:25.995Z] 🐛 webex sync completed: 17 events
[2025-09-02T09:15:25.995Z] 🐛 Starting sync for google with config: {
  enabled: true,
  lastSync: '2025-09-02T09:10:25.994Z',
  rateLimitRemaining: undefined
}
[2025-09-02T09:15:25.995Z] 🐛 Syncing google platform for user [object Object]
[2025-09-02T09:15:25.995Z] 🐛 google sync completed: 24 events
[2025-09-02T09:15:25.995Z] 🐛 Starting sync for slack with config: {
  enabled: true,
  lastSync: '2025-09-02T09:10:25.994Z',
  rateLimitRemaining: undefined
}
[2025-09-02T09:15:25.995Z] 🐛 Syncing slack platform for user [object Object]
[2025-09-02T09:15:25.995Z] 🐛 slack sync completed: 13 events
[2025-09-02T09:15:26.013Z] 🐛 Performing IoT system health check
[2025-09-02T09:15:26.013Z] 🐛 IoT system health check completed
[2025-09-02T09:15:26.013Z] 🐛 Cleaning up inactive IoT devices
[2025-09-02T09:15:26.013Z] 🐛 IoT device cleanup completed
[2025-09-02T09:20:25.913Z] 🐛 Cleaning up expired visitors
[2025-09-02T09:20:25.917Z] 🐛 Updating visitor metrics
[2025-09-02T09:20:25.917Z] 🐛 Visitor metrics updated
[2025-09-02T09:20:25.929Z] 🐛 Syncing all calendars
[2025-09-02T09:20:25.929Z] 🐛 Starting sync for zoom with config: {
  enabled: true,
  lastSync: '2025-09-02T09:15:25.995Z',
  rateLimitRemaining: undefined
}
[2025-09-02T09:20:25.930Z] 🐛 Syncing zoom platform for user [object Object]
[2025-09-02T09:20:25.930Z] 🐛 zoom sync completed: 9 events
[2025-09-02T09:20:25.930Z] 🐛 Starting sync for teams with config: {
  enabled: true,
  lastSync: '2025-09-02T09:15:25.995Z',
  rateLimitRemaining: undefined
}
[2025-09-02T09:20:25.930Z] 🐛 Syncing teams platform for user [object Object]
[2025-09-02T09:20:25.930Z] 🐛 teams sync completed: 17 events
[2025-09-02T09:20:25.930Z] 🐛 Starting sync for webex with config: {
  enabled: true,
  lastSync: '2025-09-02T09:15:25.995Z',
  rateLimitRemaining: undefined
}
[2025-09-02T09:20:25.930Z] 🐛 Syncing webex platform for user [object Object]
[2025-09-02T09:20:25.930Z] 🐛 webex sync completed: 21 events
[2025-09-02T09:20:25.930Z] 🐛 Starting sync for google with config: {
  enabled: true,
  lastSync: '2025-09-02T09:15:25.995Z',
  rateLimitRemaining: undefined
}
[2025-09-02T09:20:25.930Z] 🐛 Syncing google platform for user [object Object]
[2025-09-02T09:20:25.931Z] 🐛 google sync completed: 23 events
[2025-09-02T09:20:25.931Z] 🐛 Starting sync for slack with config: {
  enabled: true,
  lastSync: '2025-09-02T09:15:25.995Z',
  rateLimitRemaining: undefined
}
[2025-09-02T09:20:25.931Z] 🐛 Syncing slack platform for user [object Object]
[2025-09-02T09:20:25.931Z] 🐛 slack sync completed: 14 events
[2025-09-02T09:20:25.962Z] 🐛 Collecting all metrics...
[2025-09-02T09:20:25.962Z] 🐛 Metrics collection completed
[2025-09-02T09:20:25.962Z] 🐛 Syncing all calendars
[2025-09-02T09:20:25.962Z] 🐛 Starting sync for zoom with config: {
  enabled: true,
  lastSync: '2025-09-02T09:20:25.930Z',
  rateLimitRemaining: undefined
}
[2025-09-02T09:20:25.962Z] 🐛 Syncing zoom platform for user [object Object]
[2025-09-02T09:20:25.962Z] 🐛 zoom sync completed: 22 events
[2025-09-02T09:20:25.962Z] 🐛 Starting sync for teams with config: {
  enabled: true,
  lastSync: '2025-09-02T09:20:25.930Z',
  rateLimitRemaining: undefined
}
[2025-09-02T09:20:25.962Z] 🐛 Syncing teams platform for user [object Object]
[2025-09-02T09:20:25.962Z] 🐛 teams sync completed: 12 events
[2025-09-02T09:20:25.962Z] 🐛 Starting sync for webex with config: {
  enabled: true,
  lastSync: '2025-09-02T09:20:25.930Z',
  rateLimitRemaining: undefined
}
[2025-09-02T09:20:25.962Z] 🐛 Syncing webex platform for user [object Object]
[2025-09-02T09:20:25.962Z] 🐛 webex sync completed: 6 events
[2025-09-02T09:20:25.962Z] 🐛 Starting sync for google with config: {
  enabled: true,
  lastSync: '2025-09-02T09:20:25.931Z',
  rateLimitRemaining: undefined
}
[2025-09-02T09:20:25.962Z] 🐛 Syncing google platform for user [object Object]
[2025-09-02T09:20:25.962Z] 🐛 google sync completed: 23 events
[2025-09-02T09:20:25.962Z] 🐛 Starting sync for slack with config: {
  enabled: true,
  lastSync: '2025-09-02T09:20:25.931Z',
  rateLimitRemaining: undefined
}
[2025-09-02T09:20:25.962Z] 🐛 Syncing slack platform for user [object Object]
[2025-09-02T09:20:25.962Z] 🐛 slack sync completed: 7 events
[2025-09-02T09:20:25.981Z] 🐛 Performing IoT system health check
[2025-09-02T09:20:25.982Z] 🐛 IoT system health check completed
[2025-09-02T09:20:25.982Z] 🐛 Cleaning up inactive IoT devices
[2025-09-02T09:20:25.982Z] 🐛 IoT device cleanup completed
[2025-09-02T09:25:25.917Z] 🐛 Cleaning up expired bookings
[2025-09-02T09:25:25.918Z] 🐛 Updating availability metrics
[2025-09-02T09:25:25.918Z] 🐛 Availability metrics updated
[2025-09-02T09:25:25.962Z] 🐛 Collecting all metrics...
[2025-09-02T09:25:25.963Z] 🐛 Metrics collection completed
[2025-09-02T09:25:25.964Z] 🐛 Syncing all calendars
[2025-09-02T09:25:25.964Z] 🐛 Starting sync for zoom with config: {
  enabled: true,
  lastSync: '2025-09-02T09:20:25.962Z',
  rateLimitRemaining: undefined
}
[2025-09-02T09:25:25.964Z] 🐛 Syncing zoom platform for user [object Object]
[2025-09-02T09:25:25.964Z] 🐛 zoom sync completed: 8 events
[2025-09-02T09:25:25.964Z] 🐛 Starting sync for teams with config: {
  enabled: true,
  lastSync: '2025-09-02T09:20:25.962Z',
  rateLimitRemaining: undefined
}
[2025-09-02T09:25:25.964Z] 🐛 Syncing teams platform for user [object Object]
[2025-09-02T09:25:25.964Z] 🐛 teams sync completed: 8 events
[2025-09-02T09:25:25.964Z] 🐛 Starting sync for webex with config: {
  enabled: true,
  lastSync: '2025-09-02T09:20:25.962Z',
  rateLimitRemaining: undefined
}
[2025-09-02T09:25:25.964Z] 🐛 Syncing webex platform for user [object Object]
[2025-09-02T09:25:25.964Z] 🐛 webex sync completed: 15 events
[2025-09-02T09:25:25.964Z] 🐛 Starting sync for google with config: {
  enabled: true,
  lastSync: '2025-09-02T09:20:25.962Z',
  rateLimitRemaining: undefined
}
[2025-09-02T09:25:25.964Z] 🐛 Syncing google platform for user [object Object]
[2025-09-02T09:25:25.964Z] 🐛 google sync completed: 21 events
[2025-09-02T09:25:25.964Z] 🐛 Starting sync for slack with config: {
  enabled: true,
  lastSync: '2025-09-02T09:20:25.962Z',
  rateLimitRemaining: undefined
}
[2025-09-02T09:25:25.964Z] 🐛 Syncing slack platform for user [object Object]
[2025-09-02T09:25:25.964Z] 🐛 slack sync completed: 15 events
[2025-09-02T09:25:25.983Z] 🐛 Performing IoT system health check
[2025-09-02T09:25:25.983Z] 🐛 IoT system health check completed
[2025-09-02T09:25:25.983Z] 🐛 Cleaning up inactive IoT devices
[2025-09-02T09:25:25.983Z] 🐛 IoT device cleanup completed
[2025-09-02T09:30:25.964Z] 🐛 Collecting all metrics...
[2025-09-02T09:30:25.966Z] 🐛 Metrics collection completed
[2025-09-02T09:30:25.967Z] 🐛 Syncing all calendars
[2025-09-02T09:30:25.967Z] 🐛 Starting sync for zoom with config: {
  enabled: true,
  lastSync: '2025-09-02T09:25:25.964Z',
  rateLimitRemaining: undefined
}
[2025-09-02T09:30:25.967Z] 🐛 Syncing zoom platform for user [object Object]
[2025-09-02T09:30:25.967Z] 🐛 zoom sync completed: 15 events
[2025-09-02T09:30:25.967Z] 🐛 Starting sync for teams with config: {
  enabled: true,
  lastSync: '2025-09-02T09:25:25.964Z',
  rateLimitRemaining: undefined
}
[2025-09-02T09:30:25.967Z] 🐛 Syncing teams platform for user [object Object]
[2025-09-02T09:30:25.967Z] 🐛 teams sync completed: 19 events
[2025-09-02T09:30:25.967Z] 🐛 Starting sync for webex with config: {
  enabled: true,
  lastSync: '2025-09-02T09:25:25.964Z',
  rateLimitRemaining: undefined
}
[2025-09-02T09:30:25.967Z] 🐛 Syncing webex platform for user [object Object]
[2025-09-02T09:30:25.967Z] 🐛 webex sync completed: 23 events
[2025-09-02T09:30:25.968Z] 🐛 Starting sync for google with config: {
  enabled: true,
  lastSync: '2025-09-02T09:25:25.964Z',
  rateLimitRemaining: undefined
}
[2025-09-02T09:30:25.968Z] 🐛 Syncing google platform for user [object Object]
[2025-09-02T09:30:25.968Z] 🐛 google sync completed: 22 events
[2025-09-02T09:30:25.968Z] 🐛 Starting sync for slack with config: {
  enabled: true,
  lastSync: '2025-09-02T09:25:25.964Z',
  rateLimitRemaining: undefined
}
[2025-09-02T09:30:25.968Z] 🐛 Syncing slack platform for user [object Object]
[2025-09-02T09:30:25.968Z] 🐛 slack sync completed: 22 events
[2025-09-02T09:30:25.984Z] 🐛 Performing IoT system health check
[2025-09-02T09:30:25.984Z] 🐛 IoT system health check completed
[2025-09-02T09:30:25.984Z] 🐛 Cleaning up inactive IoT devices
[2025-09-02T09:30:25.984Z] 🐛 IoT device cleanup completed
[2025-09-02T09:35:25.913Z] 🐛 Cleaning up expired visitors
[2025-09-02T09:35:25.914Z] 🐛 Updating visitor metrics
[2025-09-02T09:35:25.914Z] 🐛 Visitor metrics updated
[2025-09-02T09:35:25.915Z] 🐛 Cleaning up expired bookings
[2025-09-02T09:35:25.915Z] 🐛 Updating availability metrics
[2025-09-02T09:35:25.915Z] 🐛 Availability metrics updated
[2025-09-02T09:35:25.928Z] 🐛 Syncing all calendars
[2025-09-02T09:35:25.928Z] 🐛 Starting sync for zoom with config: {
  enabled: true,
  lastSync: '2025-09-02T09:30:25.967Z',
  rateLimitRemaining: undefined
}
[2025-09-02T09:35:25.928Z] 🐛 Syncing zoom platform for user [object Object]
[2025-09-02T09:35:25.928Z] 🐛 zoom sync completed: 6 events
[2025-09-02T09:35:25.928Z] 🐛 Starting sync for teams with config: {
  enabled: true,
  lastSync: '2025-09-02T09:30:25.967Z',
  rateLimitRemaining: undefined
}
[2025-09-02T09:35:25.928Z] 🐛 Syncing teams platform for user [object Object]
[2025-09-02T09:35:25.928Z] 🐛 teams sync completed: 13 events
[2025-09-02T09:35:25.928Z] 🐛 Starting sync for webex with config: {
  enabled: true,
  lastSync: '2025-09-02T09:30:25.968Z',
  rateLimitRemaining: undefined
}
[2025-09-02T09:35:25.928Z] 🐛 Syncing webex platform for user [object Object]
[2025-09-02T09:35:25.928Z] 🐛 webex sync completed: 13 events
[2025-09-02T09:35:25.928Z] 🐛 Starting sync for google with config: {
  enabled: true,
  lastSync: '2025-09-02T09:30:25.968Z',
  rateLimitRemaining: undefined
}
[2025-09-02T09:35:25.928Z] 🐛 Syncing google platform for user [object Object]
[2025-09-02T09:35:25.928Z] 🐛 google sync completed: 12 events
[2025-09-02T09:35:25.928Z] 🐛 Starting sync for slack with config: {
  enabled: true,
  lastSync: '2025-09-02T09:30:25.968Z',
  rateLimitRemaining: undefined
}
[2025-09-02T09:35:25.928Z] 🐛 Syncing slack platform for user [object Object]
[2025-09-02T09:35:25.928Z] 🐛 slack sync completed: 18 events
[2025-09-02T09:35:25.965Z] 🐛 Collecting all metrics...
[2025-09-02T09:35:25.965Z] 🐛 Metrics collection completed
[2025-09-02T09:35:25.966Z] 🐛 Syncing all calendars
[2025-09-02T09:35:25.966Z] 🐛 Starting sync for zoom with config: {
  enabled: true,
  lastSync: '2025-09-02T09:35:25.928Z',
  rateLimitRemaining: undefined
}
[2025-09-02T09:35:25.966Z] 🐛 Syncing zoom platform for user [object Object]
[2025-09-02T09:35:25.966Z] 🐛 zoom sync completed: 14 events
[2025-09-02T09:35:25.966Z] 🐛 Starting sync for teams with config: {
  enabled: true,
  lastSync: '2025-09-02T09:35:25.928Z',
  rateLimitRemaining: undefined
}
[2025-09-02T09:35:25.967Z] 🐛 Syncing teams platform for user [object Object]
[2025-09-02T09:35:25.967Z] 🐛 teams sync completed: 23 events
[2025-09-02T09:35:25.967Z] 🐛 Starting sync for webex with config: {
  enabled: true,
  lastSync: '2025-09-02T09:35:25.928Z',
  rateLimitRemaining: undefined
}
[2025-09-02T09:35:25.967Z] 🐛 Syncing webex platform for user [object Object]
[2025-09-02T09:35:25.967Z] 🐛 webex sync completed: 20 events
[2025-09-02T09:35:25.967Z] 🐛 Starting sync for google with config: {
  enabled: true,
  lastSync: '2025-09-02T09:35:25.928Z',
  rateLimitRemaining: undefined
}
[2025-09-02T09:35:25.967Z] 🐛 Syncing google platform for user [object Object]
[2025-09-02T09:35:25.967Z] 🐛 google sync completed: 24 events
[2025-09-02T09:35:25.967Z] 🐛 Starting sync for slack with config: {
  enabled: true,
  lastSync: '2025-09-02T09:35:25.928Z',
  rateLimitRemaining: undefined
}
[2025-09-02T09:35:25.967Z] 🐛 Syncing slack platform for user [object Object]
[2025-09-02T09:35:25.967Z] 🐛 slack sync completed: 5 events
[2025-09-02T09:35:25.985Z] 🐛 Performing IoT system health check
[2025-09-02T09:35:25.985Z] 🐛 IoT system health check completed
[2025-09-02T09:35:25.985Z] 🐛 Cleaning up inactive IoT devices
[2025-09-02T09:35:25.985Z] 🐛 IoT device cleanup completed
[2025-09-02T09:40:25.967Z] 🐛 Collecting all metrics...
[2025-09-02T09:40:25.969Z] 🐛 Metrics collection completed
[2025-09-02T09:40:25.970Z] 🐛 Syncing all calendars
[2025-09-02T09:40:25.970Z] 🐛 Starting sync for zoom with config: {
  enabled: true,
  lastSync: '2025-09-02T09:35:25.966Z',
  rateLimitRemaining: undefined
}
[2025-09-02T09:40:25.971Z] 🐛 Syncing zoom platform for user [object Object]
[2025-09-02T09:40:25.971Z] 🐛 zoom sync completed: 10 events
[2025-09-02T09:40:25.971Z] 🐛 Starting sync for teams with config: {
  enabled: true,
  lastSync: '2025-09-02T09:35:25.967Z',
  rateLimitRemaining: undefined
}
[2025-09-02T09:40:25.971Z] 🐛 Syncing teams platform for user [object Object]
[2025-09-02T09:40:25.971Z] 🐛 teams sync completed: 14 events
[2025-09-02T09:40:25.971Z] 🐛 Starting sync for webex with config: {
  enabled: true,
  lastSync: '2025-09-02T09:35:25.967Z',
  rateLimitRemaining: undefined
}
[2025-09-02T09:40:25.971Z] 🐛 Syncing webex platform for user [object Object]
[2025-09-02T09:40:25.971Z] 🐛 webex sync completed: 12 events
[2025-09-02T09:40:25.971Z] 🐛 Starting sync for google with config: {
  enabled: true,
  lastSync: '2025-09-02T09:35:25.967Z',
  rateLimitRemaining: undefined
}
[2025-09-02T09:40:25.971Z] 🐛 Syncing google platform for user [object Object]
[2025-09-02T09:40:25.971Z] 🐛 google sync completed: 9 events
[2025-09-02T09:40:25.971Z] 🐛 Starting sync for slack with config: {
  enabled: true,
  lastSync: '2025-09-02T09:35:25.967Z',
  rateLimitRemaining: undefined
}
[2025-09-02T09:40:25.971Z] 🐛 Syncing slack platform for user [object Object]
[2025-09-02T09:40:25.971Z] 🐛 slack sync completed: 11 events
[2025-09-02T09:40:25.986Z] 🐛 Performing IoT system health check
[2025-09-02T09:40:25.986Z] 🐛 IoT system health check completed
[2025-09-02T09:40:25.986Z] 🐛 Cleaning up inactive IoT devices
[2025-09-02T09:40:25.986Z] 🐛 IoT device cleanup completed
[2025-09-02T09:45:25.916Z] 🐛 Cleaning up expired bookings
[2025-09-02T09:45:25.923Z] 🐛 Updating availability metrics
[2025-09-02T09:45:25.923Z] 🐛 Availability metrics updated
[2025-09-02T09:45:25.967Z] 🐛 Collecting all metrics...
[2025-09-02T09:45:25.967Z] 🐛 Metrics collection completed
[2025-09-02T09:45:25.970Z] 🐛 Syncing all calendars
[2025-09-02T09:45:25.970Z] 🐛 Starting sync for zoom with config: {
  enabled: true,
  lastSync: '2025-09-02T09:40:25.971Z',
  rateLimitRemaining: undefined
}
[2025-09-02T09:45:25.970Z] 🐛 Syncing zoom platform for user [object Object]
[2025-09-02T09:45:25.970Z] 🐛 zoom sync completed: 12 events
[2025-09-02T09:45:25.970Z] 🐛 Starting sync for teams with config: {
  enabled: true,
  lastSync: '2025-09-02T09:40:25.971Z',
  rateLimitRemaining: undefined
}
[2025-09-02T09:45:25.970Z] 🐛 Syncing teams platform for user [object Object]
[2025-09-02T09:45:25.970Z] 🐛 teams sync completed: 20 events
[2025-09-02T09:45:25.970Z] 🐛 Starting sync for webex with config: {
  enabled: true,
  lastSync: '2025-09-02T09:40:25.971Z',
  rateLimitRemaining: undefined
}
[2025-09-02T09:45:25.970Z] 🐛 Syncing webex platform for user [object Object]
[2025-09-02T09:45:25.970Z] 🐛 webex sync completed: 16 events
[2025-09-02T09:45:25.970Z] 🐛 Starting sync for google with config: {
  enabled: true,
  lastSync: '2025-09-02T09:40:25.971Z',
  rateLimitRemaining: undefined
}
[2025-09-02T09:45:25.970Z] 🐛 Syncing google platform for user [object Object]
[2025-09-02T09:45:25.970Z] 🐛 google sync completed: 9 events
[2025-09-02T09:45:25.970Z] 🐛 Starting sync for slack with config: {
  enabled: true,
  lastSync: '2025-09-02T09:40:25.971Z',
  rateLimitRemaining: undefined
}
[2025-09-02T09:45:25.970Z] 🐛 Syncing slack platform for user [object Object]
[2025-09-02T09:45:25.970Z] 🐛 slack sync completed: 15 events
[2025-09-02T09:45:25.986Z] 🐛 Performing IoT system health check
[2025-09-02T09:45:25.986Z] 🐛 IoT system health check completed
[2025-09-02T09:45:25.987Z] 🐛 Cleaning up inactive IoT devices
[2025-09-02T09:45:25.987Z] 🐛 IoT device cleanup completed
[2025-09-02T09:50:25.943Z] 🐛 Cleaning up expired visitors
[2025-09-02T09:50:25.945Z] 🐛 Updating visitor metrics
[2025-09-02T09:50:25.945Z] 🐛 Visitor metrics updated
[2025-09-02T09:50:25.956Z] 🐛 Syncing all calendars
[2025-09-02T09:50:25.956Z] 🐛 Starting sync for zoom with config: {
  enabled: true,
  lastSync: '2025-09-02T09:45:25.970Z',
  rateLimitRemaining: undefined
}
[2025-09-02T09:50:25.956Z] 🐛 Syncing zoom platform for user [object Object]
[2025-09-02T09:50:25.956Z] 🐛 zoom sync completed: 23 events
[2025-09-02T09:50:25.956Z] 🐛 Starting sync for teams with config: {
  enabled: true,
  lastSync: '2025-09-02T09:45:25.970Z',
  rateLimitRemaining: undefined
}
[2025-09-02T09:50:25.956Z] 🐛 Syncing teams platform for user [object Object]
[2025-09-02T09:50:25.956Z] 🐛 teams sync completed: 22 events
[2025-09-02T09:50:25.957Z] 🐛 Starting sync for webex with config: {
  enabled: true,
  lastSync: '2025-09-02T09:45:25.970Z',
  rateLimitRemaining: undefined
}
[2025-09-02T09:50:25.957Z] 🐛 Syncing webex platform for user [object Object]
[2025-09-02T09:50:25.957Z] 🐛 webex sync completed: 7 events
[2025-09-02T09:50:25.957Z] 🐛 Starting sync for google with config: {
  enabled: true,
  lastSync: '2025-09-02T09:45:25.970Z',
  rateLimitRemaining: undefined
}
[2025-09-02T09:50:25.957Z] 🐛 Syncing google platform for user [object Object]
[2025-09-02T09:50:25.957Z] 🐛 google sync completed: 24 events
[2025-09-02T09:50:25.957Z] 🐛 Starting sync for slack with config: {
  enabled: true,
  lastSync: '2025-09-02T09:45:25.970Z',
  rateLimitRemaining: undefined
}
[2025-09-02T09:50:25.957Z] 🐛 Syncing slack platform for user [object Object]
[2025-09-02T09:50:25.957Z] 🐛 slack sync completed: 24 events
[2025-09-02T09:50:25.997Z] 🐛 Collecting all metrics...
[2025-09-02T09:50:25.998Z] 🐛 Metrics collection completed
[2025-09-02T09:50:25.999Z] 🐛 Syncing all calendars
[2025-09-02T09:50:25.999Z] 🐛 Starting sync for zoom with config: {
  enabled: true,
  lastSync: '2025-09-02T09:50:25.956Z',
  rateLimitRemaining: undefined
}
[2025-09-02T09:50:25.999Z] 🐛 Syncing zoom platform for user [object Object]
[2025-09-02T09:50:25.999Z] 🐛 zoom sync completed: 16 events
[2025-09-02T09:50:26.000Z] 🐛 Starting sync for teams with config: {
  enabled: true,
  lastSync: '2025-09-02T09:50:25.957Z',
  rateLimitRemaining: undefined
}
[2025-09-02T09:50:26.000Z] 🐛 Syncing teams platform for user [object Object]
[2025-09-02T09:50:26.000Z] 🐛 teams sync completed: 24 events
[2025-09-02T09:50:26.000Z] 🐛 Starting sync for webex with config: {
  enabled: true,
  lastSync: '2025-09-02T09:50:25.957Z',
  rateLimitRemaining: undefined
}
[2025-09-02T09:50:26.000Z] 🐛 Syncing webex platform for user [object Object]
[2025-09-02T09:50:26.000Z] 🐛 webex sync completed: 11 events
[2025-09-02T09:50:26.000Z] 🐛 Starting sync for google with config: {
  enabled: true,
  lastSync: '2025-09-02T09:50:25.957Z',
  rateLimitRemaining: undefined
}
[2025-09-02T09:50:26.000Z] 🐛 Syncing google platform for user [object Object]
[2025-09-02T09:50:26.000Z] 🐛 google sync completed: 16 events
[2025-09-02T09:50:26.000Z] 🐛 Starting sync for slack with config: {
  enabled: true,
  lastSync: '2025-09-02T09:50:25.957Z',
  rateLimitRemaining: undefined
}
[2025-09-02T09:50:26.000Z] 🐛 Syncing slack platform for user [object Object]
[2025-09-02T09:50:26.000Z] 🐛 slack sync completed: 23 events
[2025-09-02T09:50:26.017Z] 🐛 Performing IoT system health check
[2025-09-02T09:50:26.017Z] 🐛 IoT system health check completed
[2025-09-02T09:50:26.017Z] 🐛 Cleaning up inactive IoT devices
[2025-09-02T09:50:26.017Z] 🐛 IoT device cleanup completed
[2025-09-02T09:55:25.948Z] 🐛 Cleaning up expired bookings
[2025-09-02T09:55:25.949Z] 🐛 Updating availability metrics
[2025-09-02T09:55:25.949Z] 🐛 Availability metrics updated
[2025-09-02T09:55:25.999Z] 🐛 Collecting all metrics...
[2025-09-02T09:55:26.000Z] 🐛 Metrics collection completed
[2025-09-02T09:55:26.001Z] 🐛 Syncing all calendars
[2025-09-02T09:55:26.001Z] 🐛 Starting sync for zoom with config: {
  enabled: true,
  lastSync: '2025-09-02T09:50:25.999Z',
  rateLimitRemaining: undefined
}
[2025-09-02T09:55:26.001Z] 🐛 Syncing zoom platform for user [object Object]
[2025-09-02T09:55:26.001Z] 🐛 zoom sync completed: 9 events
[2025-09-02T09:55:26.001Z] 🐛 Starting sync for teams with config: {
  enabled: true,
  lastSync: '2025-09-02T09:50:26.000Z',
  rateLimitRemaining: undefined
}
[2025-09-02T09:55:26.001Z] 🐛 Syncing teams platform for user [object Object]
[2025-09-02T09:55:26.001Z] 🐛 teams sync completed: 17 events
[2025-09-02T09:55:26.001Z] 🐛 Starting sync for webex with config: {
  enabled: true,
  lastSync: '2025-09-02T09:50:26.000Z',
  rateLimitRemaining: undefined
}
[2025-09-02T09:55:26.001Z] 🐛 Syncing webex platform for user [object Object]
[2025-09-02T09:55:26.001Z] 🐛 webex sync completed: 17 events
[2025-09-02T09:55:26.001Z] 🐛 Starting sync for google with config: {
  enabled: true,
  lastSync: '2025-09-02T09:50:26.000Z',
  rateLimitRemaining: undefined
}
[2025-09-02T09:55:26.001Z] 🐛 Syncing google platform for user [object Object]
[2025-09-02T09:55:26.003Z] 🐛 google sync completed: 8 events
[2025-09-02T09:55:26.006Z] 🐛 Starting sync for slack with config: {
  enabled: true,
  lastSync: '2025-09-02T09:50:26.000Z',
  rateLimitRemaining: undefined
}
[2025-09-02T09:55:26.006Z] 🐛 Syncing slack platform for user [object Object]
[2025-09-02T09:55:26.006Z] 🐛 slack sync completed: 12 events
[2025-09-02T09:55:26.018Z] 🐛 Performing IoT system health check
[2025-09-02T09:55:26.018Z] 🐛 IoT system health check completed
[2025-09-02T09:55:26.018Z] 🐛 Cleaning up inactive IoT devices
[2025-09-02T09:55:26.018Z] 🐛 IoT device cleanup completed
[2025-09-02T10:00:26.004Z] 🐛 Collecting all metrics...
[2025-09-02T10:00:26.007Z] 🐛 Metrics collection completed
[2025-09-02T10:00:26.008Z] 🐛 Syncing all calendars
[2025-09-02T10:00:26.008Z] 🐛 Starting sync for zoom with config: {
  enabled: true,
  lastSync: '2025-09-02T09:55:26.001Z',
  rateLimitRemaining: undefined
}
[2025-09-02T10:00:26.009Z] 🐛 Syncing zoom platform for user [object Object]
[2025-09-02T10:00:26.009Z] 🐛 zoom sync completed: 21 events
[2025-09-02T10:00:26.009Z] 🐛 Starting sync for teams with config: {
  enabled: true,
  lastSync: '2025-09-02T09:55:26.001Z',
  rateLimitRemaining: undefined
}
[2025-09-02T10:00:26.009Z] 🐛 Syncing teams platform for user [object Object]
[2025-09-02T10:00:26.009Z] 🐛 teams sync completed: 21 events
[2025-09-02T10:00:26.009Z] 🐛 Starting sync for webex with config: {
  enabled: true,
  lastSync: '2025-09-02T09:55:26.001Z',
  rateLimitRemaining: undefined
}
[2025-09-02T10:00:26.009Z] 🐛 Syncing webex platform for user [object Object]
[2025-09-02T10:00:26.009Z] 🐛 webex sync completed: 21 events
[2025-09-02T10:00:26.009Z] 🐛 Starting sync for google with config: {
  enabled: true,
  lastSync: '2025-09-02T09:55:26.006Z',
  rateLimitRemaining: undefined
}
[2025-09-02T10:00:26.009Z] 🐛 Syncing google platform for user [object Object]
[2025-09-02T10:00:26.009Z] 🐛 google sync completed: 19 events
[2025-09-02T10:00:26.009Z] 🐛 Starting sync for slack with config: {
  enabled: true,
  lastSync: '2025-09-02T09:55:26.006Z',
  rateLimitRemaining: undefined
}
[2025-09-02T10:00:26.009Z] 🐛 Syncing slack platform for user [object Object]
[2025-09-02T10:00:26.010Z] 🐛 slack sync completed: 12 events
[2025-09-02T10:00:26.020Z] 🐛 Performing IoT system health check
[2025-09-02T10:00:26.020Z] 🐛 IoT system health check completed
[2025-09-02T10:00:26.020Z] 🐛 Cleaning up inactive IoT devices
[2025-09-02T10:00:26.020Z] 🐛 IoT device cleanup completed
[2025-09-02T10:05:25.947Z] 🐛 Cleaning up expired visitors
[2025-09-02T10:05:25.948Z] 🐛 Updating visitor metrics
[2025-09-02T10:05:25.948Z] 🐛 Visitor metrics updated
[2025-09-02T10:05:25.951Z] 🐛 Cleaning up expired bookings
[2025-09-02T10:05:25.951Z] 🐛 Updating availability metrics
[2025-09-02T10:05:25.951Z] 🐛 Availability metrics updated
[2025-09-02T10:05:25.961Z] 🐛 Syncing all calendars
[2025-09-02T10:05:25.961Z] 🐛 Starting sync for zoom with config: {
  enabled: true,
  lastSync: '2025-09-02T10:00:26.009Z',
  rateLimitRemaining: undefined
}
[2025-09-02T10:05:25.961Z] 🐛 Syncing zoom platform for user [object Object]
[2025-09-02T10:05:25.961Z] 🐛 zoom sync completed: 22 events
[2025-09-02T10:05:25.961Z] 🐛 Starting sync for teams with config: {
  enabled: true,
  lastSync: '2025-09-02T10:00:26.009Z',
  rateLimitRemaining: undefined
}
[2025-09-02T10:05:25.961Z] 🐛 Syncing teams platform for user [object Object]
[2025-09-02T10:05:25.961Z] 🐛 teams sync completed: 15 events
[2025-09-02T10:05:25.961Z] 🐛 Starting sync for webex with config: {
  enabled: true,
  lastSync: '2025-09-02T10:00:26.009Z',
  rateLimitRemaining: undefined
}
[2025-09-02T10:05:25.961Z] 🐛 Syncing webex platform for user [object Object]
[2025-09-02T10:05:25.961Z] 🐛 webex sync completed: 23 events
[2025-09-02T10:05:25.961Z] 🐛 Starting sync for google with config: {
  enabled: true,
  lastSync: '2025-09-02T10:00:26.009Z',
  rateLimitRemaining: undefined
}
[2025-09-02T10:05:25.961Z] 🐛 Syncing google platform for user [object Object]
[2025-09-02T10:05:25.961Z] 🐛 google sync completed: 11 events
[2025-09-02T10:05:25.961Z] 🐛 Starting sync for slack with config: {
  enabled: true,
  lastSync: '2025-09-02T10:00:26.010Z',
  rateLimitRemaining: undefined
}
[2025-09-02T10:05:25.961Z] 🐛 Syncing slack platform for user [object Object]
[2025-09-02T10:05:25.961Z] 🐛 slack sync completed: 20 events
[2025-09-02T10:05:26.007Z] 🐛 Collecting all metrics...
[2025-09-02T10:05:26.007Z] 🐛 Metrics collection completed
[2025-09-02T10:05:26.009Z] 🐛 Syncing all calendars
[2025-09-02T10:05:26.009Z] 🐛 Starting sync for zoom with config: {
  enabled: true,
  lastSync: '2025-09-02T10:05:25.961Z',
  rateLimitRemaining: undefined
}
[2025-09-02T10:05:26.009Z] 🐛 Syncing zoom platform for user [object Object]
[2025-09-02T10:05:26.009Z] 🐛 zoom sync completed: 10 events
[2025-09-02T10:05:26.009Z] 🐛 Starting sync for teams with config: {
  enabled: true,
  lastSync: '2025-09-02T10:05:25.961Z',
  rateLimitRemaining: undefined
}
[2025-09-02T10:05:26.009Z] 🐛 Syncing teams platform for user [object Object]
[2025-09-02T10:05:26.009Z] 🐛 teams sync completed: 18 events
[2025-09-02T10:05:26.009Z] 🐛 Starting sync for webex with config: {
  enabled: true,
  lastSync: '2025-09-02T10:05:25.961Z',
  rateLimitRemaining: undefined
}
[2025-09-02T10:05:26.009Z] 🐛 Syncing webex platform for user [object Object]
[2025-09-02T10:05:26.009Z] 🐛 webex sync completed: 12 events
[2025-09-02T10:05:26.009Z] 🐛 Starting sync for google with config: {
  enabled: true,
  lastSync: '2025-09-02T10:05:25.961Z',
  rateLimitRemaining: undefined
}
[2025-09-02T10:05:26.009Z] 🐛 Syncing google platform for user [object Object]
[2025-09-02T10:05:26.009Z] 🐛 google sync completed: 12 events
[2025-09-02T10:05:26.009Z] 🐛 Starting sync for slack with config: {
  enabled: true,
  lastSync: '2025-09-02T10:05:25.961Z',
  rateLimitRemaining: undefined
}
[2025-09-02T10:05:26.009Z] 🐛 Syncing slack platform for user [object Object]
[2025-09-02T10:05:26.009Z] 🐛 slack sync completed: 14 events
[2025-09-02T10:05:26.022Z] 🐛 Performing IoT system health check
[2025-09-02T10:05:26.023Z] 🐛 IoT system health check completed
[2025-09-02T10:05:26.023Z] 🐛 Cleaning up inactive IoT devices
[2025-09-02T10:05:26.023Z] 🐛 IoT device cleanup completed
[2025-09-02T10:10:26.010Z] 🐛 Collecting all metrics...
[2025-09-02T10:10:26.014Z] 🐛 Metrics collection completed
[2025-09-02T10:10:26.015Z] 🐛 Syncing all calendars
[2025-09-02T10:10:26.015Z] 🐛 Starting sync for zoom with config: {
  enabled: true,
  lastSync: '2025-09-02T10:05:26.009Z',
  rateLimitRemaining: undefined
}
[2025-09-02T10:10:26.016Z] 🐛 Syncing zoom platform for user [object Object]
[2025-09-02T10:10:26.016Z] 🐛 zoom sync completed: 11 events
[2025-09-02T10:10:26.016Z] 🐛 Starting sync for teams with config: {
  enabled: true,
  lastSync: '2025-09-02T10:05:26.009Z',
  rateLimitRemaining: undefined
}
[2025-09-02T10:10:26.016Z] 🐛 Syncing teams platform for user [object Object]
[2025-09-02T10:10:26.016Z] 🐛 teams sync completed: 5 events
[2025-09-02T10:10:26.016Z] 🐛 Starting sync for webex with config: {
  enabled: true,
  lastSync: '2025-09-02T10:05:26.009Z',
  rateLimitRemaining: undefined
}
[2025-09-02T10:10:26.016Z] 🐛 Syncing webex platform for user [object Object]
[2025-09-02T10:10:26.016Z] 🐛 webex sync completed: 12 events
[2025-09-02T10:10:26.016Z] 🐛 Starting sync for google with config: {
  enabled: true,
  lastSync: '2025-09-02T10:05:26.009Z',
  rateLimitRemaining: undefined
}
[2025-09-02T10:10:26.016Z] 🐛 Syncing google platform for user [object Object]
[2025-09-02T10:10:26.016Z] 🐛 google sync completed: 12 events
[2025-09-02T10:10:26.016Z] 🐛 Starting sync for slack with config: {
  enabled: true,
  lastSync: '2025-09-02T10:05:26.009Z',
  rateLimitRemaining: undefined
}
[2025-09-02T10:10:26.016Z] 🐛 Syncing slack platform for user [object Object]
[2025-09-02T10:10:26.016Z] 🐛 slack sync completed: 15 events
[2025-09-02T10:10:26.026Z] 🐛 Performing IoT system health check
[2025-09-02T10:10:26.026Z] 🐛 IoT system health check completed
[2025-09-02T10:10:26.026Z] 🐛 Cleaning up inactive IoT devices
[2025-09-02T10:10:26.026Z] 🐛 IoT device cleanup completed
[2025-09-02T10:15:25.956Z] 🐛 Cleaning up expired bookings
[2025-09-02T10:15:25.959Z] 🐛 Updating availability metrics
[2025-09-02T10:15:25.959Z] 🐛 Availability metrics updated
[2025-09-02T10:15:26.014Z] 🐛 Collecting all metrics...
[2025-09-02T10:15:26.014Z] 🐛 Metrics collection completed
[2025-09-02T10:15:26.016Z] 🐛 Syncing all calendars
[2025-09-02T10:15:26.016Z] 🐛 Starting sync for zoom with config: {
  enabled: true,
  lastSync: '2025-09-02T10:10:26.016Z',
  rateLimitRemaining: undefined
}
[2025-09-02T10:15:26.016Z] 🐛 Syncing zoom platform for user [object Object]
[2025-09-02T10:15:26.017Z] 🐛 zoom sync completed: 7 events
[2025-09-02T10:15:26.017Z] 🐛 Starting sync for teams with config: {
  enabled: true,
  lastSync: '2025-09-02T10:10:26.016Z',
  rateLimitRemaining: undefined
}
[2025-09-02T10:15:26.017Z] 🐛 Syncing teams platform for user [object Object]
[2025-09-02T10:15:26.017Z] 🐛 teams sync completed: 20 events
[2025-09-02T10:15:26.017Z] 🐛 Starting sync for webex with config: {
  enabled: true,
  lastSync: '2025-09-02T10:10:26.016Z',
  rateLimitRemaining: undefined
}
[2025-09-02T10:15:26.017Z] 🐛 Syncing webex platform for user [object Object]
[2025-09-02T10:15:26.017Z] 🐛 webex sync completed: 7 events
[2025-09-02T10:15:26.017Z] 🐛 Starting sync for google with config: {
  enabled: true,
  lastSync: '2025-09-02T10:10:26.016Z',
  rateLimitRemaining: undefined
}
[2025-09-02T10:15:26.017Z] 🐛 Syncing google platform for user [object Object]
[2025-09-02T10:15:26.017Z] 🐛 google sync completed: 6 events
[2025-09-02T10:15:26.017Z] 🐛 Starting sync for slack with config: {
  enabled: true,
  lastSync: '2025-09-02T10:10:26.016Z',
  rateLimitRemaining: undefined
}
[2025-09-02T10:15:26.017Z] 🐛 Syncing slack platform for user [object Object]
[2025-09-02T10:15:26.017Z] 🐛 slack sync completed: 9 events
[2025-09-02T10:15:26.029Z] 🐛 Performing IoT system health check
[2025-09-02T10:15:26.029Z] 🐛 IoT system health check completed
[2025-09-02T10:15:26.029Z] 🐛 Cleaning up inactive IoT devices
[2025-09-02T10:15:26.029Z] 🐛 IoT device cleanup completed
[2025-09-02T10:20:25.955Z] 🐛 Cleaning up expired visitors
[2025-09-02T10:20:25.960Z] 🐛 Updating visitor metrics
[2025-09-02T10:20:25.960Z] 🐛 Visitor metrics updated
[2025-09-02T10:20:25.967Z] 🐛 Syncing all calendars
[2025-09-02T10:20:25.967Z] 🐛 Starting sync for zoom with config: {
  enabled: true,
  lastSync: '2025-09-02T10:15:26.017Z',
  rateLimitRemaining: undefined
}
[2025-09-02T10:20:25.967Z] 🐛 Syncing zoom platform for user [object Object]
[2025-09-02T10:20:25.967Z] 🐛 zoom sync completed: 12 events
[2025-09-02T10:20:25.967Z] 🐛 Starting sync for teams with config: {
  enabled: true,
  lastSync: '2025-09-02T10:15:26.017Z',
  rateLimitRemaining: undefined
}
[2025-09-02T10:20:25.967Z] 🐛 Syncing teams platform for user [object Object]
[2025-09-02T10:20:25.968Z] 🐛 teams sync completed: 6 events
[2025-09-02T10:20:25.968Z] 🐛 Starting sync for webex with config: {
  enabled: true,
  lastSync: '2025-09-02T10:15:26.017Z',
  rateLimitRemaining: undefined
}
[2025-09-02T10:20:25.968Z] 🐛 Syncing webex platform for user [object Object]
[2025-09-02T10:20:25.968Z] 🐛 webex sync completed: 13 events
[2025-09-02T10:20:25.968Z] 🐛 Starting sync for google with config: {
  enabled: true,
  lastSync: '2025-09-02T10:15:26.017Z',
  rateLimitRemaining: undefined
}
[2025-09-02T10:20:25.970Z] 🐛 Syncing google platform for user [object Object]
[2025-09-02T10:20:25.970Z] 🐛 google sync completed: 19 events
[2025-09-02T10:20:25.970Z] 🐛 Starting sync for slack with config: {
  enabled: true,
  lastSync: '2025-09-02T10:15:26.017Z',
  rateLimitRemaining: undefined
}
[2025-09-02T10:20:25.970Z] 🐛 Syncing slack platform for user [object Object]
[2025-09-02T10:20:25.970Z] 🐛 slack sync completed: 19 events
[2025-09-02T10:20:26.017Z] 🐛 Collecting all metrics...
[2025-09-02T10:20:26.018Z] 🐛 Metrics collection completed
[2025-09-02T10:20:26.018Z] 🐛 Syncing all calendars
[2025-09-02T10:20:26.018Z] 🐛 Starting sync for zoom with config: {
  enabled: true,
  lastSync: '2025-09-02T10:20:25.967Z',
  rateLimitRemaining: undefined
}
[2025-09-02T10:20:26.018Z] 🐛 Syncing zoom platform for user [object Object]
[2025-09-02T10:20:26.018Z] 🐛 zoom sync completed: 6 events
[2025-09-02T10:20:26.018Z] 🐛 Starting sync for teams with config: {
  enabled: true,
  lastSync: '2025-09-02T10:20:25.968Z',
  rateLimitRemaining: undefined
}
[2025-09-02T10:20:26.018Z] 🐛 Syncing teams platform for user [object Object]
[2025-09-02T10:20:26.018Z] 🐛 teams sync completed: 11 events
[2025-09-02T10:20:26.018Z] 🐛 Starting sync for webex with config: {
  enabled: true,
  lastSync: '2025-09-02T10:20:25.968Z',
  rateLimitRemaining: undefined
}
[2025-09-02T10:20:26.018Z] 🐛 Syncing webex platform for user [object Object]
[2025-09-02T10:20:26.018Z] 🐛 webex sync completed: 22 events
[2025-09-02T10:20:26.018Z] 🐛 Starting sync for google with config: {
  enabled: true,
  lastSync: '2025-09-02T10:20:25.970Z',
  rateLimitRemaining: undefined
}
[2025-09-02T10:20:26.019Z] 🐛 Syncing google platform for user [object Object]
[2025-09-02T10:20:26.019Z] 🐛 google sync completed: 15 events
[2025-09-02T10:20:26.019Z] 🐛 Starting sync for slack with config: {
  enabled: true,
  lastSync: '2025-09-02T10:20:25.970Z',
  rateLimitRemaining: undefined
}
[2025-09-02T10:20:26.019Z] 🐛 Syncing slack platform for user [object Object]
[2025-09-02T10:20:26.019Z] 🐛 slack sync completed: 12 events
[2025-09-02T10:20:26.033Z] 🐛 Performing IoT system health check
[2025-09-02T10:20:26.033Z] 🐛 IoT system health check completed
[2025-09-02T10:20:26.033Z] 🐛 Cleaning up inactive IoT devices
[2025-09-02T10:20:26.033Z] 🐛 IoT device cleanup completed
[2025-09-02T10:25:25.961Z] 🐛 Cleaning up expired bookings
[2025-09-02T10:25:25.962Z] 🐛 Updating availability metrics
[2025-09-02T10:25:25.962Z] 🐛 Availability metrics updated
[2025-09-02T10:25:26.021Z] 🐛 Collecting all metrics...
[2025-09-02T10:25:26.022Z] 🐛 Metrics collection completed
[2025-09-02T10:25:26.022Z] 🐛 Syncing all calendars
[2025-09-02T10:25:26.022Z] 🐛 Starting sync for zoom with config: {
  enabled: true,
  lastSync: '2025-09-02T10:20:26.018Z',
  rateLimitRemaining: undefined
}
[2025-09-02T10:25:26.022Z] 🐛 Syncing zoom platform for user [object Object]
[2025-09-02T10:25:26.022Z] 🐛 zoom sync completed: 22 events
[2025-09-02T10:25:26.022Z] 🐛 Starting sync for teams with config: {
  enabled: true,
  lastSync: '2025-09-02T10:20:26.018Z',
  rateLimitRemaining: undefined
}
[2025-09-02T10:25:26.022Z] 🐛 Syncing teams platform for user [object Object]
[2025-09-02T10:25:26.022Z] 🐛 teams sync completed: 22 events
[2025-09-02T10:25:26.022Z] 🐛 Starting sync for webex with config: {
  enabled: true,
  lastSync: '2025-09-02T10:20:26.018Z',
  rateLimitRemaining: undefined
}
[2025-09-02T10:25:26.022Z] 🐛 Syncing webex platform for user [object Object]
[2025-09-02T10:25:26.022Z] 🐛 webex sync completed: 18 events
[2025-09-02T10:25:26.022Z] 🐛 Starting sync for google with config: {
  enabled: true,
  lastSync: '2025-09-02T10:20:26.019Z',
  rateLimitRemaining: undefined
}
[2025-09-02T10:25:26.022Z] 🐛 Syncing google platform for user [object Object]
[2025-09-02T10:25:26.022Z] 🐛 google sync completed: 9 events
[2025-09-02T10:25:26.022Z] 🐛 Starting sync for slack with config: {
  enabled: true,
  lastSync: '2025-09-02T10:20:26.019Z',
  rateLimitRemaining: undefined
}
[2025-09-02T10:25:26.022Z] 🐛 Syncing slack platform for user [object Object]
[2025-09-02T10:25:26.022Z] 🐛 slack sync completed: 23 events
[2025-09-02T10:25:26.037Z] 🐛 Performing IoT system health check
[2025-09-02T10:25:26.037Z] 🐛 IoT system health check completed
[2025-09-02T10:25:26.037Z] 🐛 Cleaning up inactive IoT devices
[2025-09-02T10:25:26.037Z] 🐛 IoT device cleanup completed
[2025-09-02T10:30:26.026Z] 🐛 Collecting all metrics...
[2025-09-02T10:30:26.030Z] 🐛 Metrics collection completed
[2025-09-02T10:30:26.031Z] 🐛 Syncing all calendars
[2025-09-02T10:30:26.031Z] 🐛 Starting sync for zoom with config: {
  enabled: true,
  lastSync: '2025-09-02T10:25:26.022Z',
  rateLimitRemaining: undefined
}
[2025-09-02T10:30:26.031Z] 🐛 Syncing zoom platform for user [object Object]
[2025-09-02T10:30:26.031Z] 🐛 zoom sync completed: 12 events
[2025-09-02T10:30:26.031Z] 🐛 Starting sync for teams with config: {
  enabled: true,
  lastSync: '2025-09-02T10:25:26.022Z',
  rateLimitRemaining: undefined
}
[2025-09-02T10:30:26.032Z] 🐛 Syncing teams platform for user [object Object]
[2025-09-02T10:30:26.032Z] 🐛 teams sync completed: 14 events
[2025-09-02T10:30:26.032Z] 🐛 Starting sync for webex with config: {
  enabled: true,
  lastSync: '2025-09-02T10:25:26.022Z',
  rateLimitRemaining: undefined
}
[2025-09-02T10:30:26.032Z] 🐛 Syncing webex platform for user [object Object]
[2025-09-02T10:30:26.032Z] 🐛 webex sync completed: 9 events
[2025-09-02T10:30:26.032Z] 🐛 Starting sync for google with config: {
  enabled: true,
  lastSync: '2025-09-02T10:25:26.022Z',
  rateLimitRemaining: undefined
}
[2025-09-02T10:30:26.032Z] 🐛 Syncing google platform for user [object Object]
[2025-09-02T10:30:26.032Z] 🐛 google sync completed: 10 events
[2025-09-02T10:30:26.032Z] 🐛 Starting sync for slack with config: {
  enabled: true,
  lastSync: '2025-09-02T10:25:26.022Z',
  rateLimitRemaining: undefined
}
[2025-09-02T10:30:26.032Z] 🐛 Syncing slack platform for user [object Object]
[2025-09-02T10:30:26.032Z] 🐛 slack sync completed: 23 events
[2025-09-02T10:30:26.040Z] 🐛 Performing IoT system health check
[2025-09-02T10:30:26.040Z] 🐛 IoT system health check completed
[2025-09-02T10:30:26.040Z] 🐛 Cleaning up inactive IoT devices
[2025-09-02T10:30:26.040Z] 🐛 IoT device cleanup completed
[2025-09-02T10:35:25.960Z] 🐛 Cleaning up expired visitors
[2025-09-02T10:35:25.962Z] 🐛 Updating visitor metrics
[2025-09-02T10:35:25.962Z] 🐛 Visitor metrics updated
[2025-09-02T10:35:25.965Z] 🐛 Cleaning up expired bookings
[2025-09-02T10:35:25.965Z] 🐛 Updating availability metrics
[2025-09-02T10:35:25.965Z] 🐛 Availability metrics updated
[2025-09-02T10:35:25.972Z] 🐛 Syncing all calendars
[2025-09-02T10:35:25.972Z] 🐛 Starting sync for zoom with config: {
  enabled: true,
  lastSync: '2025-09-02T10:30:26.031Z',
  rateLimitRemaining: undefined
}
[2025-09-02T10:35:25.972Z] 🐛 Syncing zoom platform for user [object Object]
[2025-09-02T10:35:25.972Z] 🐛 zoom sync completed: 6 events
[2025-09-02T10:35:25.972Z] 🐛 Starting sync for teams with config: {
  enabled: true,
  lastSync: '2025-09-02T10:30:26.032Z',
  rateLimitRemaining: undefined
}
[2025-09-02T10:35:25.973Z] 🐛 Syncing teams platform for user [object Object]
[2025-09-02T10:35:25.973Z] 🐛 teams sync completed: 14 events
[2025-09-02T10:35:25.973Z] 🐛 Starting sync for webex with config: {
  enabled: true,
  lastSync: '2025-09-02T10:30:26.032Z',
  rateLimitRemaining: undefined
}
[2025-09-02T10:35:25.973Z] 🐛 Syncing webex platform for user [object Object]
[2025-09-02T10:35:25.973Z] 🐛 webex sync completed: 7 events
[2025-09-02T10:35:25.973Z] 🐛 Starting sync for google with config: {
  enabled: true,
  lastSync: '2025-09-02T10:30:26.032Z',
  rateLimitRemaining: undefined
}
[2025-09-02T10:35:25.973Z] 🐛 Syncing google platform for user [object Object]
[2025-09-02T10:35:25.973Z] 🐛 google sync completed: 23 events
[2025-09-02T10:35:25.973Z] 🐛 Starting sync for slack with config: {
  enabled: true,
  lastSync: '2025-09-02T10:30:26.032Z',
  rateLimitRemaining: undefined
}
[2025-09-02T10:35:25.973Z] 🐛 Syncing slack platform for user [object Object]
[2025-09-02T10:35:25.973Z] 🐛 slack sync completed: 17 events
[2025-09-02T10:35:26.028Z] 🐛 Collecting all metrics...
[2025-09-02T10:35:26.028Z] 🐛 Metrics collection completed
[2025-09-02T10:35:26.033Z] 🐛 Syncing all calendars
[2025-09-02T10:35:26.033Z] 🐛 Starting sync for zoom with config: {
  enabled: true,
  lastSync: '2025-09-02T10:35:25.972Z',
  rateLimitRemaining: undefined
}
[2025-09-02T10:35:26.033Z] 🐛 Syncing zoom platform for user [object Object]
[2025-09-02T10:35:26.033Z] 🐛 zoom sync completed: 5 events
[2025-09-02T10:35:26.033Z] 🐛 Starting sync for teams with config: {
  enabled: true,
  lastSync: '2025-09-02T10:35:25.973Z',
  rateLimitRemaining: undefined
}
[2025-09-02T10:35:26.033Z] 🐛 Syncing teams platform for user [object Object]
[2025-09-02T10:35:26.033Z] 🐛 teams sync completed: 23 events
[2025-09-02T10:35:26.033Z] 🐛 Starting sync for webex with config: {
  enabled: true,
  lastSync: '2025-09-02T10:35:25.973Z',
  rateLimitRemaining: undefined
}
[2025-09-02T10:35:26.033Z] 🐛 Syncing webex platform for user [object Object]
[2025-09-02T10:35:26.033Z] 🐛 webex sync completed: 14 events
[2025-09-02T10:35:26.033Z] 🐛 Starting sync for google with config: {
  enabled: true,
  lastSync: '2025-09-02T10:35:25.973Z',
  rateLimitRemaining: undefined
}
[2025-09-02T10:35:26.033Z] 🐛 Syncing google platform for user [object Object]
[2025-09-02T10:35:26.033Z] 🐛 google sync completed: 9 events
[2025-09-02T10:35:26.033Z] 🐛 Starting sync for slack with config: {
  enabled: true,
  lastSync: '2025-09-02T10:35:25.973Z',
  rateLimitRemaining: undefined
}
[2025-09-02T10:35:26.033Z] 🐛 Syncing slack platform for user [object Object]
[2025-09-02T10:35:26.033Z] 🐛 slack sync completed: 12 events
[2025-09-02T10:35:26.043Z] 🐛 Performing IoT system health check
[2025-09-02T10:35:26.043Z] 🐛 IoT system health check completed
[2025-09-02T10:35:26.043Z] 🐛 Cleaning up inactive IoT devices
[2025-09-02T10:35:26.043Z] 🐛 IoT device cleanup completed
[2025-09-02T10:40:26.030Z] 🐛 Collecting all metrics...
[2025-09-02T10:40:26.033Z] 🐛 Metrics collection completed
[2025-09-02T10:40:26.035Z] 🐛 Syncing all calendars
[2025-09-02T10:40:26.035Z] 🐛 Starting sync for zoom with config: {
  enabled: true,
  lastSync: '2025-09-02T10:35:26.033Z',
  rateLimitRemaining: undefined
}
[2025-09-02T10:40:26.035Z] 🐛 Syncing zoom platform for user [object Object]
[2025-09-02T10:40:26.035Z] 🐛 zoom sync completed: 12 events
[2025-09-02T10:40:26.036Z] 🐛 Starting sync for teams with config: {
  enabled: true,
  lastSync: '2025-09-02T10:35:26.033Z',
  rateLimitRemaining: undefined
}
[2025-09-02T10:40:26.036Z] 🐛 Syncing teams platform for user [object Object]
[2025-09-02T10:40:26.036Z] 🐛 teams sync completed: 12 events
[2025-09-02T10:40:26.036Z] 🐛 Starting sync for webex with config: {
  enabled: true,
  lastSync: '2025-09-02T10:35:26.033Z',
  rateLimitRemaining: undefined
}
[2025-09-02T10:40:26.036Z] 🐛 Syncing webex platform for user [object Object]
[2025-09-02T10:40:26.036Z] 🐛 webex sync completed: 20 events
[2025-09-02T10:40:26.036Z] 🐛 Starting sync for google with config: {
  enabled: true,
  lastSync: '2025-09-02T10:35:26.033Z',
  rateLimitRemaining: undefined
}
[2025-09-02T10:40:26.036Z] 🐛 Syncing google platform for user [object Object]
[2025-09-02T10:40:26.036Z] 🐛 google sync completed: 12 events
[2025-09-02T10:40:26.036Z] 🐛 Starting sync for slack with config: {
  enabled: true,
  lastSync: '2025-09-02T10:35:26.033Z',
  rateLimitRemaining: undefined
}
[2025-09-02T10:40:26.036Z] 🐛 Syncing slack platform for user [object Object]
[2025-09-02T10:40:26.036Z] 🐛 slack sync completed: 23 events
[2025-09-02T10:40:26.045Z] 🐛 Performing IoT system health check
[2025-09-02T10:40:26.045Z] 🐛 IoT system health check completed
[2025-09-02T10:40:26.045Z] 🐛 Cleaning up inactive IoT devices
[2025-09-02T10:40:26.046Z] 🐛 IoT device cleanup completed
[2025-09-02T10:45:25.971Z] 🐛 Cleaning up expired bookings
[2025-09-02T10:45:25.972Z] 🐛 Updating availability metrics
[2025-09-02T10:45:25.972Z] 🐛 Availability metrics updated
[2025-09-02T10:45:26.034Z] 🐛 Collecting all metrics...
[2025-09-02T10:45:26.034Z] 🐛 Metrics collection completed
[2025-09-02T10:45:26.037Z] 🐛 Syncing all calendars
[2025-09-02T10:45:26.037Z] 🐛 Starting sync for zoom with config: {
  enabled: true,
  lastSync: '2025-09-02T10:40:26.036Z',
  rateLimitRemaining: undefined
}
[2025-09-02T10:45:26.038Z] 🐛 Syncing zoom platform for user [object Object]
[2025-09-02T10:45:26.038Z] 🐛 zoom sync completed: 7 events
[2025-09-02T10:45:26.038Z] 🐛 Starting sync for teams with config: {
  enabled: true,
  lastSync: '2025-09-02T10:40:26.036Z',
  rateLimitRemaining: undefined
}
[2025-09-02T10:45:26.038Z] 🐛 Syncing teams platform for user [object Object]
[2025-09-02T10:45:26.038Z] 🐛 teams sync completed: 18 events
[2025-09-02T10:45:26.038Z] 🐛 Starting sync for webex with config: {
  enabled: true,
  lastSync: '2025-09-02T10:40:26.036Z',
  rateLimitRemaining: undefined
}
[2025-09-02T10:45:26.038Z] 🐛 Syncing webex platform for user [object Object]
[2025-09-02T10:45:26.038Z] 🐛 webex sync completed: 11 events
[2025-09-02T10:45:26.038Z] 🐛 Starting sync for google with config: {
  enabled: true,
  lastSync: '2025-09-02T10:40:26.036Z',
  rateLimitRemaining: undefined
}
[2025-09-02T10:45:26.038Z] 🐛 Syncing google platform for user [object Object]
[2025-09-02T10:45:26.038Z] 🐛 google sync completed: 12 events
[2025-09-02T10:45:26.038Z] 🐛 Starting sync for slack with config: {
  enabled: true,
  lastSync: '2025-09-02T10:40:26.036Z',
  rateLimitRemaining: undefined
}
[2025-09-02T10:45:26.038Z] 🐛 Syncing slack platform for user [object Object]
[2025-09-02T10:45:26.038Z] 🐛 slack sync completed: 13 events
[2025-09-02T10:45:26.049Z] 🐛 Performing IoT system health check
[2025-09-02T10:45:26.049Z] 🐛 IoT system health check completed
[2025-09-02T10:45:26.049Z] 🐛 Cleaning up inactive IoT devices
[2025-09-02T10:45:26.049Z] 🐛 IoT device cleanup completed
[2025-09-02T10:50:25.963Z] 🐛 Cleaning up expired visitors
[2025-09-02T10:50:25.968Z] 🐛 Updating visitor metrics
[2025-09-02T10:50:25.968Z] 🐛 Visitor metrics updated
[2025-09-02T10:50:25.973Z] 🐛 Syncing all calendars
[2025-09-02T10:50:25.973Z] 🐛 Starting sync for zoom with config: {
  enabled: true,
  lastSync: '2025-09-02T10:45:26.038Z',
  rateLimitRemaining: undefined
}
[2025-09-02T10:50:25.974Z] 🐛 Syncing zoom platform for user [object Object]
[2025-09-02T10:50:25.974Z] 🐛 zoom sync completed: 7 events
[2025-09-02T10:50:25.974Z] 🐛 Starting sync for teams with config: {
  enabled: true,
  lastSync: '2025-09-02T10:45:26.038Z',
  rateLimitRemaining: undefined
}
[2025-09-02T10:50:25.974Z] 🐛 Syncing teams platform for user [object Object]
[2025-09-02T10:50:25.974Z] 🐛 teams sync completed: 9 events
[2025-09-02T10:50:25.974Z] 🐛 Starting sync for webex with config: {
  enabled: true,
  lastSync: '2025-09-02T10:45:26.038Z',
  rateLimitRemaining: undefined
}
[2025-09-02T10:50:25.974Z] 🐛 Syncing webex platform for user [object Object]
[2025-09-02T10:50:25.974Z] 🐛 webex sync completed: 19 events
[2025-09-02T10:50:25.974Z] 🐛 Starting sync for google with config: {
  enabled: true,
  lastSync: '2025-09-02T10:45:26.038Z',
  rateLimitRemaining: undefined
}
[2025-09-02T10:50:25.975Z] 🐛 Syncing google platform for user [object Object]
[2025-09-02T10:50:25.975Z] 🐛 google sync completed: 9 events
[2025-09-02T10:50:25.975Z] 🐛 Starting sync for slack with config: {
  enabled: true,
  lastSync: '2025-09-02T10:45:26.038Z',
  rateLimitRemaining: undefined
}
[2025-09-02T10:50:25.975Z] 🐛 Syncing slack platform for user [object Object]
[2025-09-02T10:50:25.975Z] 🐛 slack sync completed: 22 events
[2025-09-02T10:50:26.033Z] 🐛 Collecting all metrics...
[2025-09-02T10:50:26.033Z] 🐛 Metrics collection completed
[2025-09-02T10:50:26.035Z] 🐛 Syncing all calendars
[2025-09-02T10:50:26.035Z] 🐛 Starting sync for zoom with config: {
  enabled: true,
  lastSync: '2025-09-02T10:50:25.974Z',
  rateLimitRemaining: undefined
}
[2025-09-02T10:50:26.035Z] 🐛 Syncing zoom platform for user [object Object]
[2025-09-02T10:50:26.035Z] 🐛 zoom sync completed: 22 events
[2025-09-02T10:50:26.035Z] 🐛 Starting sync for teams with config: {
  enabled: true,
  lastSync: '2025-09-02T10:50:25.974Z',
  rateLimitRemaining: undefined
}
[2025-09-02T10:50:26.035Z] 🐛 Syncing teams platform for user [object Object]
[2025-09-02T10:50:26.035Z] 🐛 teams sync completed: 19 events
[2025-09-02T10:50:26.035Z] 🐛 Starting sync for webex with config: {
  enabled: true,
  lastSync: '2025-09-02T10:50:25.974Z',
  rateLimitRemaining: undefined
}
[2025-09-02T10:50:26.035Z] 🐛 Syncing webex platform for user [object Object]
[2025-09-02T10:50:26.035Z] 🐛 webex sync completed: 9 events
[2025-09-02T10:50:26.035Z] 🐛 Starting sync for google with config: {
  enabled: true,
  lastSync: '2025-09-02T10:50:25.975Z',
  rateLimitRemaining: undefined
}
[2025-09-02T10:50:26.035Z] 🐛 Syncing google platform for user [object Object]
[2025-09-02T10:50:26.035Z] 🐛 google sync completed: 10 events
[2025-09-02T10:50:26.035Z] 🐛 Starting sync for slack with config: {
  enabled: true,
  lastSync: '2025-09-02T10:50:25.975Z',
  rateLimitRemaining: undefined
}
[2025-09-02T10:50:26.035Z] 🐛 Syncing slack platform for user [object Object]
[2025-09-02T10:50:26.035Z] 🐛 slack sync completed: 22 events
[2025-09-02T10:50:26.048Z] 🐛 Performing IoT system health check
[2025-09-02T10:50:26.048Z] 🐛 IoT system health check completed
[2025-09-02T10:50:26.048Z] 🐛 Cleaning up inactive IoT devices
[2025-09-02T10:50:26.048Z] 🐛 IoT device cleanup completed
[2025-09-02T10:55:25.970Z] 🐛 Cleaning up expired bookings
[2025-09-02T10:55:25.974Z] 🐛 Updating availability metrics
[2025-09-02T10:55:25.974Z] 🐛 Availability metrics updated
[2025-09-02T10:55:26.036Z] 🐛 Collecting all metrics...
[2025-09-02T10:55:26.036Z] 🐛 Metrics collection completed
[2025-09-02T10:55:26.037Z] 🐛 Syncing all calendars
[2025-09-02T10:55:26.037Z] 🐛 Starting sync for zoom with config: {
  enabled: true,
  lastSync: '2025-09-02T10:50:26.035Z',
  rateLimitRemaining: undefined
}
[2025-09-02T10:55:26.037Z] 🐛 Syncing zoom platform for user [object Object]
[2025-09-02T10:55:26.037Z] 🐛 zoom sync completed: 11 events
[2025-09-02T10:55:26.037Z] 🐛 Starting sync for teams with config: {
  enabled: true,
  lastSync: '2025-09-02T10:50:26.035Z',
  rateLimitRemaining: undefined
}
[2025-09-02T10:55:26.040Z] 🐛 Syncing teams platform for user [object Object]
[2025-09-02T10:55:26.040Z] 🐛 teams sync completed: 5 events
[2025-09-02T10:55:26.040Z] 🐛 Starting sync for webex with config: {
  enabled: true,
  lastSync: '2025-09-02T10:50:26.035Z',
  rateLimitRemaining: undefined
}
[2025-09-02T10:55:26.040Z] 🐛 Syncing webex platform for user [object Object]
[2025-09-02T10:55:26.040Z] 🐛 webex sync completed: 18 events
[2025-09-02T10:55:26.040Z] 🐛 Starting sync for google with config: {
  enabled: true,
  lastSync: '2025-09-02T10:50:26.035Z',
  rateLimitRemaining: undefined
}
[2025-09-02T10:55:26.041Z] 🐛 Syncing google platform for user [object Object]
[2025-09-02T10:55:26.041Z] 🐛 google sync completed: 6 events
[2025-09-02T10:55:26.041Z] 🐛 Starting sync for slack with config: {
  enabled: true,
  lastSync: '2025-09-02T10:50:26.035Z',
  rateLimitRemaining: undefined
}
[2025-09-02T10:55:26.041Z] 🐛 Syncing slack platform for user [object Object]
[2025-09-02T10:55:26.041Z] 🐛 slack sync completed: 9 events
[2025-09-02T10:55:26.050Z] 🐛 Performing IoT system health check
[2025-09-02T10:55:26.050Z] 🐛 IoT system health check completed
[2025-09-02T10:55:26.050Z] 🐛 Cleaning up inactive IoT devices
[2025-09-02T10:55:26.050Z] 🐛 IoT device cleanup completed
[2025-09-02T11:00:26.040Z] 🐛 Collecting all metrics...
[2025-09-02T11:00:26.049Z] 🐛 Metrics collection completed
[2025-09-02T11:00:26.050Z] 🐛 Syncing all calendars
[2025-09-02T11:00:26.050Z] 🐛 Starting sync for zoom with config: {
  enabled: true,
  lastSync: '2025-09-02T10:55:26.037Z',
  rateLimitRemaining: undefined
}
[2025-09-02T11:00:26.050Z] 🐛 Syncing zoom platform for user [object Object]
[2025-09-02T11:00:26.050Z] 🐛 zoom sync completed: 16 events
[2025-09-02T11:00:26.050Z] 🐛 Starting sync for teams with config: {
  enabled: true,
  lastSync: '2025-09-02T10:55:26.040Z',
  rateLimitRemaining: undefined
}
[2025-09-02T11:00:26.050Z] 🐛 Syncing teams platform for user [object Object]
[2025-09-02T11:00:26.050Z] 🐛 teams sync completed: 21 events
[2025-09-02T11:00:26.050Z] 🐛 Starting sync for webex with config: {
  enabled: true,
  lastSync: '2025-09-02T10:55:26.040Z',
  rateLimitRemaining: undefined
}
[2025-09-02T11:00:26.050Z] 🐛 Syncing webex platform for user [object Object]
[2025-09-02T11:00:26.050Z] 🐛 webex sync completed: 19 events
[2025-09-02T11:00:26.050Z] 🐛 Starting sync for google with config: {
  enabled: true,
  lastSync: '2025-09-02T10:55:26.041Z',
  rateLimitRemaining: undefined
}
[2025-09-02T11:00:26.050Z] 🐛 Syncing google platform for user [object Object]
[2025-09-02T11:00:26.050Z] 🐛 google sync completed: 13 events
[2025-09-02T11:00:26.050Z] 🐛 Starting sync for slack with config: {
  enabled: true,
  lastSync: '2025-09-02T10:55:26.041Z',
  rateLimitRemaining: undefined
}
[2025-09-02T11:00:26.050Z] 🐛 Syncing slack platform for user [object Object]
[2025-09-02T11:00:26.050Z] 🐛 slack sync completed: 15 events
[2025-09-02T11:00:26.051Z] 🐛 Performing IoT system health check
[2025-09-02T11:00:26.051Z] 🐛 IoT system health check completed
[2025-09-02T11:00:26.051Z] 🐛 Cleaning up inactive IoT devices
[2025-09-02T11:00:26.051Z] 🐛 IoT device cleanup completed
[2025-09-02T11:05:25.969Z] 🐛 Cleaning up expired visitors
[2025-09-02T11:05:25.980Z] 🐛 Updating visitor metrics
[2025-09-02T11:05:25.980Z] 🐛 Visitor metrics updated
[2025-09-02T11:05:25.981Z] 🐛 Cleaning up expired bookings
[2025-09-02T11:05:25.982Z] 🐛 Updating availability metrics
[2025-09-02T11:05:25.982Z] 🐛 Availability metrics updated
[2025-09-02T11:05:25.982Z] 🐛 Syncing all calendars
[2025-09-02T11:05:25.982Z] 🐛 Starting sync for zoom with config: {
  enabled: true,
  lastSync: '2025-09-02T11:00:26.050Z',
  rateLimitRemaining: undefined
}
[2025-09-02T11:05:25.983Z] 🐛 Syncing zoom platform for user [object Object]
[2025-09-02T11:05:25.983Z] 🐛 zoom sync completed: 14 events
[2025-09-02T11:05:25.983Z] 🐛 Starting sync for teams with config: {
  enabled: true,
  lastSync: '2025-09-02T11:00:26.050Z',
  rateLimitRemaining: undefined
}
[2025-09-02T11:05:25.983Z] 🐛 Syncing teams platform for user [object Object]
[2025-09-02T11:05:25.983Z] 🐛 teams sync completed: 20 events
[2025-09-02T11:05:25.983Z] 🐛 Starting sync for webex with config: {
  enabled: true,
  lastSync: '2025-09-02T11:00:26.050Z',
  rateLimitRemaining: undefined
}
[2025-09-02T11:05:25.983Z] 🐛 Syncing webex platform for user [object Object]
[2025-09-02T11:05:25.983Z] 🐛 webex sync completed: 18 events
[2025-09-02T11:05:25.983Z] 🐛 Starting sync for google with config: {
  enabled: true,
  lastSync: '2025-09-02T11:00:26.050Z',
  rateLimitRemaining: undefined
}
[2025-09-02T11:05:25.983Z] 🐛 Syncing google platform for user [object Object]
[2025-09-02T11:05:25.983Z] 🐛 google sync completed: 12 events
[2025-09-02T11:05:25.983Z] 🐛 Starting sync for slack with config: {
  enabled: true,
  lastSync: '2025-09-02T11:00:26.050Z',
  rateLimitRemaining: undefined
}
[2025-09-02T11:05:25.983Z] 🐛 Syncing slack platform for user [object Object]
[2025-09-02T11:05:25.983Z] 🐛 slack sync completed: 10 events
[2025-09-02T11:05:26.043Z] 🐛 Collecting all metrics...
[2025-09-02T11:05:26.043Z] 🐛 Metrics collection completed
[2025-09-02T11:05:26.052Z] 🐛 Syncing all calendars
[2025-09-02T11:05:26.052Z] 🐛 Starting sync for zoom with config: {
  enabled: true,
  lastSync: '2025-09-02T11:05:25.983Z',
  rateLimitRemaining: undefined
}
[2025-09-02T11:05:26.052Z] 🐛 Syncing zoom platform for user [object Object]
[2025-09-02T11:05:26.052Z] 🐛 zoom sync completed: 8 events
[2025-09-02T11:05:26.052Z] 🐛 Starting sync for teams with config: {
  enabled: true,
  lastSync: '2025-09-02T11:05:25.983Z',
  rateLimitRemaining: undefined
}
[2025-09-02T11:05:26.052Z] 🐛 Syncing teams platform for user [object Object]
[2025-09-02T11:05:26.052Z] 🐛 teams sync completed: 15 events
[2025-09-02T11:05:26.052Z] 🐛 Starting sync for webex with config: {
  enabled: true,
  lastSync: '2025-09-02T11:05:25.983Z',
  rateLimitRemaining: undefined
}
[2025-09-02T11:05:26.052Z] 🐛 Syncing webex platform for user [object Object]
[2025-09-02T11:05:26.052Z] 🐛 webex sync completed: 9 events
[2025-09-02T11:05:26.052Z] 🐛 Starting sync for google with config: {
  enabled: true,
  lastSync: '2025-09-02T11:05:25.983Z',
  rateLimitRemaining: undefined
}
[2025-09-02T11:05:26.052Z] 🐛 Syncing google platform for user [object Object]
[2025-09-02T11:05:26.052Z] 🐛 google sync completed: 5 events
[2025-09-02T11:05:26.052Z] 🐛 Starting sync for slack with config: {
  enabled: true,
  lastSync: '2025-09-02T11:05:25.983Z',
  rateLimitRemaining: undefined
}
[2025-09-02T11:05:26.052Z] 🐛 Syncing slack platform for user [object Object]
[2025-09-02T11:05:26.052Z] 🐛 slack sync completed: 7 events
[2025-09-02T11:05:26.052Z] 🐛 Performing IoT system health check
[2025-09-02T11:05:26.052Z] 🐛 IoT system health check completed
[2025-09-02T11:05:26.052Z] 🐛 Cleaning up inactive IoT devices
[2025-09-02T11:05:26.052Z] 🐛 IoT device cleanup completed
[2025-09-02T11:10:26.023Z] 🐛 Collecting all metrics...
[2025-09-02T11:10:26.033Z] 🐛 Metrics collection completed
[2025-09-02T11:10:26.034Z] 🐛 Syncing all calendars
[2025-09-02T11:10:26.034Z] 🐛 Starting sync for zoom with config: {
  enabled: true,
  lastSync: '2025-09-02T11:05:26.052Z',
  rateLimitRemaining: undefined
}
[2025-09-02T11:10:26.034Z] 🐛 Syncing zoom platform for user [object Object]
[2025-09-02T11:10:26.034Z] 🐛 zoom sync completed: 23 events
[2025-09-02T11:10:26.034Z] 🐛 Starting sync for teams with config: {
  enabled: true,
  lastSync: '2025-09-02T11:05:26.052Z',
  rateLimitRemaining: undefined
}
[2025-09-02T11:10:26.034Z] 🐛 Syncing teams platform for user [object Object]
[2025-09-02T11:10:26.034Z] 🐛 teams sync completed: 21 events
[2025-09-02T11:10:26.034Z] 🐛 Starting sync for webex with config: {
  enabled: true,
  lastSync: '2025-09-02T11:05:26.052Z',
  rateLimitRemaining: undefined
}
[2025-09-02T11:10:26.034Z] 🐛 Syncing webex platform for user [object Object]
[2025-09-02T11:10:26.034Z] 🐛 webex sync completed: 14 events
[2025-09-02T11:10:26.034Z] 🐛 Starting sync for google with config: {
  enabled: true,
  lastSync: '2025-09-02T11:05:26.052Z',
  rateLimitRemaining: undefined
}
[2025-09-02T11:10:26.034Z] 🐛 Syncing google platform for user [object Object]
[2025-09-02T11:10:26.034Z] 🐛 google sync completed: 8 events
[2025-09-02T11:10:26.035Z] 🐛 Starting sync for slack with config: {
  enabled: true,
  lastSync: '2025-09-02T11:05:26.052Z',
  rateLimitRemaining: undefined
}
[2025-09-02T11:10:26.035Z] 🐛 Syncing slack platform for user [object Object]
[2025-09-02T11:10:26.035Z] 🐛 slack sync completed: 13 events
[2025-09-02T11:10:26.035Z] 🐛 Performing IoT system health check
[2025-09-02T11:10:26.035Z] 🐛 IoT system health check completed
[2025-09-02T11:10:26.035Z] 🐛 Cleaning up inactive IoT devices
[2025-09-02T11:10:26.035Z] 🐛 IoT device cleanup completed
[2025-09-02T11:15:25.959Z] 🐛 Cleaning up expired bookings
[2025-09-02T11:15:25.960Z] 🐛 Updating availability metrics
[2025-09-02T11:15:25.960Z] 🐛 Availability metrics updated
[2025-09-02T11:15:26.023Z] 🐛 Collecting all metrics...
[2025-09-02T11:15:26.024Z] 🐛 Metrics collection completed
[2025-09-02T11:15:26.035Z] 🐛 Syncing all calendars
[2025-09-02T11:15:26.035Z] 🐛 Starting sync for zoom with config: {
  enabled: true,
  lastSync: '2025-09-02T11:10:26.034Z',
  rateLimitRemaining: undefined
}
[2025-09-02T11:15:26.035Z] 🐛 Syncing zoom platform for user [object Object]
[2025-09-02T11:15:26.035Z] 🐛 zoom sync completed: 21 events
[2025-09-02T11:15:26.035Z] 🐛 Starting sync for teams with config: {
  enabled: true,
  lastSync: '2025-09-02T11:10:26.034Z',
  rateLimitRemaining: undefined
}
[2025-09-02T11:15:26.035Z] 🐛 Syncing teams platform for user [object Object]
[2025-09-02T11:15:26.035Z] 🐛 teams sync completed: 11 events
[2025-09-02T11:15:26.035Z] 🐛 Starting sync for webex with config: {
  enabled: true,
  lastSync: '2025-09-02T11:10:26.034Z',
  rateLimitRemaining: undefined
}
[2025-09-02T11:15:26.035Z] 🐛 Syncing webex platform for user [object Object]
[2025-09-02T11:15:26.035Z] 🐛 webex sync completed: 7 events
[2025-09-02T11:15:26.035Z] 🐛 Starting sync for google with config: {
  enabled: true,
  lastSync: '2025-09-02T11:10:26.035Z',
  rateLimitRemaining: undefined
}
[2025-09-02T11:15:26.035Z] 🐛 Syncing google platform for user [object Object]
[2025-09-02T11:15:26.035Z] 🐛 google sync completed: 22 events
[2025-09-02T11:15:26.035Z] 🐛 Starting sync for slack with config: {
  enabled: true,
  lastSync: '2025-09-02T11:10:26.035Z',
  rateLimitRemaining: undefined
}
[2025-09-02T11:15:26.035Z] 🐛 Syncing slack platform for user [object Object]
[2025-09-02T11:15:26.035Z] 🐛 slack sync completed: 6 events
[2025-09-02T11:15:26.035Z] 🐛 Performing IoT system health check
[2025-09-02T11:15:26.035Z] 🐛 IoT system health check completed
[2025-09-02T11:15:26.035Z] 🐛 Cleaning up inactive IoT devices
[2025-09-02T11:15:26.035Z] 🐛 IoT device cleanup completed
[2025-09-02T11:20:25.948Z] 🐛 Cleaning up expired visitors
[2025-09-02T11:20:25.954Z] 🐛 Updating visitor metrics
[2025-09-02T11:20:25.954Z] 🐛 Visitor metrics updated
[2025-09-02T11:20:25.958Z] 🐛 Syncing all calendars
[2025-09-02T11:20:25.958Z] 🐛 Starting sync for zoom with config: {
  enabled: true,
  lastSync: '2025-09-02T11:15:26.035Z',
  rateLimitRemaining: undefined
}
[2025-09-02T11:20:25.960Z] 🐛 Syncing zoom platform for user [object Object]
[2025-09-02T11:20:25.960Z] 🐛 zoom sync completed: 6 events
[2025-09-02T11:20:25.960Z] 🐛 Starting sync for teams with config: {
  enabled: true,
  lastSync: '2025-09-02T11:15:26.035Z',
  rateLimitRemaining: undefined
}
[2025-09-02T11:20:25.960Z] 🐛 Syncing teams platform for user [object Object]
[2025-09-02T11:20:25.960Z] 🐛 teams sync completed: 6 events
[2025-09-02T11:20:25.960Z] 🐛 Starting sync for webex with config: {
  enabled: true,
  lastSync: '2025-09-02T11:15:26.035Z',
  rateLimitRemaining: undefined
}
[2025-09-02T11:20:25.960Z] 🐛 Syncing webex platform for user [object Object]
[2025-09-02T11:20:25.960Z] 🐛 webex sync completed: 19 events
[2025-09-02T11:20:25.960Z] 🐛 Starting sync for google with config: {
  enabled: true,
  lastSync: '2025-09-02T11:15:26.035Z',
  rateLimitRemaining: undefined
}
[2025-09-02T11:20:25.960Z] 🐛 Syncing google platform for user [object Object]
[2025-09-02T11:20:25.960Z] 🐛 google sync completed: 13 events
[2025-09-02T11:20:25.960Z] 🐛 Starting sync for slack with config: {
  enabled: true,
  lastSync: '2025-09-02T11:15:26.035Z',
  rateLimitRemaining: undefined
}
[2025-09-02T11:20:25.960Z] 🐛 Syncing slack platform for user [object Object]
[2025-09-02T11:20:25.960Z] 🐛 slack sync completed: 14 events
[2025-09-02T11:20:26.023Z] 🐛 Collecting all metrics...
[2025-09-02T11:20:26.023Z] 🐛 Metrics collection completed
[2025-09-02T11:20:26.035Z] 🐛 Syncing all calendars
[2025-09-02T11:20:26.036Z] 🐛 Starting sync for zoom with config: {
  enabled: true,
  lastSync: '2025-09-02T11:20:25.960Z',
  rateLimitRemaining: undefined
}
[2025-09-02T11:20:26.036Z] 🐛 Syncing zoom platform for user [object Object]
[2025-09-02T11:20:26.036Z] 🐛 zoom sync completed: 17 events
[2025-09-02T11:20:26.036Z] 🐛 Starting sync for teams with config: {
  enabled: true,
  lastSync: '2025-09-02T11:20:25.960Z',
  rateLimitRemaining: undefined
}
[2025-09-02T11:20:26.036Z] 🐛 Syncing teams platform for user [object Object]
[2025-09-02T11:20:26.036Z] 🐛 teams sync completed: 23 events
[2025-09-02T11:20:26.036Z] 🐛 Starting sync for webex with config: {
  enabled: true,
  lastSync: '2025-09-02T11:20:25.960Z',
  rateLimitRemaining: undefined
}
[2025-09-02T11:20:26.036Z] 🐛 Syncing webex platform for user [object Object]
[2025-09-02T11:20:26.036Z] 🐛 webex sync completed: 16 events
[2025-09-02T11:20:26.036Z] 🐛 Starting sync for google with config: {
  enabled: true,
  lastSync: '2025-09-02T11:20:25.960Z',
  rateLimitRemaining: undefined
}
[2025-09-02T11:20:26.037Z] 🐛 Syncing google platform for user [object Object]
[2025-09-02T11:20:26.037Z] 🐛 google sync completed: 18 events
[2025-09-02T11:20:26.037Z] 🐛 Starting sync for slack with config: {
  enabled: true,
  lastSync: '2025-09-02T11:20:25.960Z',
  rateLimitRemaining: undefined
}
[2025-09-02T11:20:26.037Z] 🐛 Syncing slack platform for user [object Object]
[2025-09-02T11:20:26.037Z] 🐛 slack sync completed: 24 events
[2025-09-02T11:20:26.037Z] 🐛 Performing IoT system health check
[2025-09-02T11:20:26.037Z] 🐛 IoT system health check completed
[2025-09-02T11:20:26.037Z] 🐛 Cleaning up inactive IoT devices
[2025-09-02T11:20:26.037Z] 🐛 IoT device cleanup completed
[2025-09-02T11:25:25.959Z] 🐛 Cleaning up expired bookings
[2025-09-02T11:25:25.962Z] 🐛 Updating availability metrics
[2025-09-02T11:25:25.962Z] 🐛 Availability metrics updated
[2025-09-02T11:25:26.023Z] 🐛 Collecting all metrics...
[2025-09-02T11:25:26.024Z] 🐛 Metrics collection completed
[2025-09-02T11:25:26.037Z] 🐛 Syncing all calendars
[2025-09-02T11:25:26.037Z] 🐛 Starting sync for zoom with config: {
  enabled: true,
  lastSync: '2025-09-02T11:20:26.036Z',
  rateLimitRemaining: undefined
}
[2025-09-02T11:25:26.037Z] 🐛 Syncing zoom platform for user [object Object]
[2025-09-02T11:25:26.037Z] 🐛 zoom sync completed: 16 events
[2025-09-02T11:25:26.037Z] 🐛 Starting sync for teams with config: {
  enabled: true,
  lastSync: '2025-09-02T11:20:26.036Z',
  rateLimitRemaining: undefined
}
[2025-09-02T11:25:26.037Z] 🐛 Syncing teams platform for user [object Object]
[2025-09-02T11:25:26.037Z] 🐛 teams sync completed: 20 events
[2025-09-02T11:25:26.037Z] 🐛 Starting sync for webex with config: {
  enabled: true,
  lastSync: '2025-09-02T11:20:26.036Z',
  rateLimitRemaining: undefined
}
[2025-09-02T11:25:26.037Z] 🐛 Syncing webex platform for user [object Object]
[2025-09-02T11:25:26.037Z] 🐛 webex sync completed: 5 events
[2025-09-02T11:25:26.037Z] 🐛 Starting sync for google with config: {
  enabled: true,
  lastSync: '2025-09-02T11:20:26.037Z',
  rateLimitRemaining: undefined
}
[2025-09-02T11:25:26.037Z] 🐛 Syncing google platform for user [object Object]
[2025-09-02T11:25:26.037Z] 🐛 google sync completed: 11 events
[2025-09-02T11:25:26.037Z] 🐛 Starting sync for slack with config: {
  enabled: true,
  lastSync: '2025-09-02T11:20:26.037Z',
  rateLimitRemaining: undefined
}
[2025-09-02T11:25:26.037Z] 🐛 Syncing slack platform for user [object Object]
[2025-09-02T11:25:26.037Z] 🐛 slack sync completed: 19 events
[2025-09-02T11:25:26.037Z] 🐛 Performing IoT system health check
[2025-09-02T11:25:26.037Z] 🐛 IoT system health check completed
[2025-09-02T11:25:26.037Z] 🐛 Cleaning up inactive IoT devices
[2025-09-02T11:25:26.037Z] 🐛 IoT device cleanup completed
[2025-09-02T11:30:26.020Z] 🐛 Collecting all metrics...
[2025-09-02T11:30:26.023Z] 🐛 Metrics collection completed
[2025-09-02T11:30:26.031Z] 🐛 Syncing all calendars
[2025-09-02T11:30:26.031Z] 🐛 Starting sync for zoom with config: {
  enabled: true,
  lastSync: '2025-09-02T11:25:26.037Z',
  rateLimitRemaining: undefined
}
[2025-09-02T11:30:26.031Z] 🐛 Syncing zoom platform for user [object Object]
[2025-09-02T11:30:26.032Z] 🐛 zoom sync completed: 14 events
[2025-09-02T11:30:26.032Z] 🐛 Starting sync for teams with config: {
  enabled: true,
  lastSync: '2025-09-02T11:25:26.037Z',
  rateLimitRemaining: undefined
}
[2025-09-02T11:30:26.032Z] 🐛 Syncing teams platform for user [object Object]
[2025-09-02T11:30:26.032Z] 🐛 teams sync completed: 12 events
[2025-09-02T11:30:26.032Z] 🐛 Starting sync for webex with config: {
  enabled: true,
  lastSync: '2025-09-02T11:25:26.037Z',
  rateLimitRemaining: undefined
}
[2025-09-02T11:30:26.032Z] 🐛 Syncing webex platform for user [object Object]
[2025-09-02T11:30:26.032Z] 🐛 webex sync completed: 16 events
[2025-09-02T11:30:26.033Z] 🐛 Starting sync for google with config: {
  enabled: true,
  lastSync: '2025-09-02T11:25:26.037Z',
  rateLimitRemaining: undefined
}
[2025-09-02T11:30:26.033Z] 🐛 Syncing google platform for user [object Object]
[2025-09-02T11:30:26.033Z] 🐛 google sync completed: 7 events
[2025-09-02T11:30:26.033Z] 🐛 Starting sync for slack with config: {
  enabled: true,
  lastSync: '2025-09-02T11:25:26.037Z',
  rateLimitRemaining: undefined
}
[2025-09-02T11:30:26.033Z] 🐛 Syncing slack platform for user [object Object]
[2025-09-02T11:30:26.033Z] 🐛 slack sync completed: 5 events
[2025-09-02T11:30:26.034Z] 🐛 Performing IoT system health check
[2025-09-02T11:30:26.034Z] 🐛 IoT system health check completed
[2025-09-02T11:30:26.034Z] 🐛 Cleaning up inactive IoT devices
[2025-09-02T11:30:26.034Z] 🐛 IoT device cleanup completed
[2025-09-02T11:35:25.939Z] 🐛 Cleaning up expired visitors
[2025-09-02T11:35:25.942Z] 🐛 Updating visitor metrics
[2025-09-02T11:35:25.942Z] 🐛 Visitor metrics updated
[2025-09-02T11:35:25.951Z] 🐛 Syncing all calendars
[2025-09-02T11:35:25.951Z] 🐛 Starting sync for zoom with config: {
  enabled: true,
  lastSync: '2025-09-02T11:30:26.032Z',
  rateLimitRemaining: undefined
}
[2025-09-02T11:35:25.952Z] 🐛 Syncing zoom platform for user [object Object]
[2025-09-02T11:35:25.952Z] 🐛 zoom sync completed: 24 events
[2025-09-02T11:35:25.952Z] 🐛 Starting sync for teams with config: {
  enabled: true,
  lastSync: '2025-09-02T11:30:26.032Z',
  rateLimitRemaining: undefined
}
[2025-09-02T11:35:25.952Z] 🐛 Syncing teams platform for user [object Object]
[2025-09-02T11:35:25.952Z] 🐛 teams sync completed: 23 events
[2025-09-02T11:35:25.952Z] 🐛 Starting sync for webex with config: {
  enabled: true,
  lastSync: '2025-09-02T11:30:26.033Z',
  rateLimitRemaining: undefined
}
[2025-09-02T11:35:25.952Z] 🐛 Syncing webex platform for user [object Object]
[2025-09-02T11:35:25.952Z] 🐛 webex sync completed: 11 events
[2025-09-02T11:35:25.952Z] 🐛 Starting sync for google with config: {
  enabled: true,
  lastSync: '2025-09-02T11:30:26.033Z',
  rateLimitRemaining: undefined
}
[2025-09-02T11:35:25.952Z] 🐛 Syncing google platform for user [object Object]
[2025-09-02T11:35:25.952Z] 🐛 google sync completed: 6 events
[2025-09-02T11:35:25.952Z] 🐛 Starting sync for slack with config: {
  enabled: true,
  lastSync: '2025-09-02T11:30:26.033Z',
  rateLimitRemaining: undefined
}
[2025-09-02T11:35:25.952Z] 🐛 Syncing slack platform for user [object Object]
[2025-09-02T11:35:25.952Z] 🐛 slack sync completed: 19 events
[2025-09-02T11:35:25.952Z] 🐛 Cleaning up expired bookings
[2025-09-02T11:35:25.952Z] 🐛 Updating availability metrics
[2025-09-02T11:35:25.952Z] 🐛 Availability metrics updated
[2025-09-02T11:35:26.018Z] 🐛 Collecting all metrics...
[2025-09-02T11:35:26.018Z] 🐛 Metrics collection completed
[2025-09-02T11:35:26.030Z] 🐛 Syncing all calendars
[2025-09-02T11:35:26.030Z] 🐛 Starting sync for zoom with config: {
  enabled: true,
  lastSync: '2025-09-02T11:35:25.952Z',
  rateLimitRemaining: undefined
}
[2025-09-02T11:35:26.030Z] 🐛 Syncing zoom platform for user [object Object]
[2025-09-02T11:35:26.030Z] 🐛 zoom sync completed: 11 events
[2025-09-02T11:35:26.030Z] 🐛 Starting sync for teams with config: {
  enabled: true,
  lastSync: '2025-09-02T11:35:25.952Z',
  rateLimitRemaining: undefined
}
[2025-09-02T11:35:26.030Z] 🐛 Syncing teams platform for user [object Object]
[2025-09-02T11:35:26.030Z] 🐛 teams sync completed: 23 events
[2025-09-02T11:35:26.030Z] 🐛 Starting sync for webex with config: {
  enabled: true,
  lastSync: '2025-09-02T11:35:25.952Z',
  rateLimitRemaining: undefined
}
[2025-09-02T11:35:26.030Z] 🐛 Syncing webex platform for user [object Object]
[2025-09-02T11:35:26.030Z] 🐛 webex sync completed: 16 events
[2025-09-02T11:35:26.030Z] 🐛 Starting sync for google with config: {
  enabled: true,
  lastSync: '2025-09-02T11:35:25.952Z',
  rateLimitRemaining: undefined
}
[2025-09-02T11:35:26.030Z] 🐛 Syncing google platform for user [object Object]
[2025-09-02T11:35:26.030Z] 🐛 google sync completed: 13 events
[2025-09-02T11:35:26.030Z] 🐛 Starting sync for slack with config: {
  enabled: true,
  lastSync: '2025-09-02T11:35:25.952Z',
  rateLimitRemaining: undefined
}
[2025-09-02T11:35:26.030Z] 🐛 Syncing slack platform for user [object Object]
[2025-09-02T11:35:26.030Z] 🐛 slack sync completed: 23 events
[2025-09-02T11:35:26.033Z] 🐛 Performing IoT system health check
[2025-09-02T11:35:26.033Z] 🐛 IoT system health check completed
[2025-09-02T11:35:26.033Z] 🐛 Cleaning up inactive IoT devices
[2025-09-02T11:35:26.033Z] 🐛 IoT device cleanup completed
[2025-09-02T11:40:26.022Z] 🐛 Collecting all metrics...
[2025-09-02T11:40:26.032Z] 🐛 Metrics collection completed
[2025-09-02T11:40:26.033Z] 🐛 Syncing all calendars
[2025-09-02T11:40:26.033Z] 🐛 Starting sync for zoom with config: {
  enabled: true,
  lastSync: '2025-09-02T11:35:26.030Z',
  rateLimitRemaining: undefined
}
[2025-09-02T11:40:26.036Z] 🐛 Syncing zoom platform for user [object Object]
[2025-09-02T11:40:26.036Z] 🐛 zoom sync completed: 16 events
[2025-09-02T11:40:26.036Z] 🐛 Starting sync for teams with config: {
  enabled: true,
  lastSync: '2025-09-02T11:35:26.030Z',
  rateLimitRemaining: undefined
}
[2025-09-02T11:40:26.036Z] 🐛 Syncing teams platform for user [object Object]
[2025-09-02T11:40:26.036Z] 🐛 teams sync completed: 20 events
[2025-09-02T11:40:26.036Z] 🐛 Starting sync for webex with config: {
  enabled: true,
  lastSync: '2025-09-02T11:35:26.030Z',
  rateLimitRemaining: undefined
}
[2025-09-02T11:40:26.036Z] 🐛 Syncing webex platform for user [object Object]
[2025-09-02T11:40:26.036Z] 🐛 webex sync completed: 11 events
[2025-09-02T11:40:26.036Z] 🐛 Starting sync for google with config: {
  enabled: true,
  lastSync: '2025-09-02T11:35:26.030Z',
  rateLimitRemaining: undefined
}
[2025-09-02T11:40:26.036Z] 🐛 Syncing google platform for user [object Object]
[2025-09-02T11:40:26.036Z] 🐛 google sync completed: 11 events
[2025-09-02T11:40:26.036Z] 🐛 Starting sync for slack with config: {
  enabled: true,
  lastSync: '2025-09-02T11:35:26.030Z',
  rateLimitRemaining: undefined
}
[2025-09-02T11:40:26.036Z] 🐛 Syncing slack platform for user [object Object]
[2025-09-02T11:40:26.036Z] 🐛 slack sync completed: 14 events
[2025-09-02T11:40:26.036Z] 🐛 Performing IoT system health check
[2025-09-02T11:40:26.036Z] 🐛 IoT system health check completed
[2025-09-02T11:40:26.036Z] 🐛 Cleaning up inactive IoT devices
[2025-09-02T11:40:26.036Z] 🐛 IoT device cleanup completed
[2025-09-02T11:45:25.951Z] 🐛 Cleaning up expired bookings
[2025-09-02T11:45:25.954Z] 🐛 Updating availability metrics
[2025-09-02T11:45:25.954Z] 🐛 Availability metrics updated
[2025-09-02T11:45:26.019Z] 🐛 Collecting all metrics...
[2025-09-02T11:45:26.019Z] 🐛 Metrics collection completed
[2025-09-02T11:45:26.032Z] 🐛 Syncing all calendars
[2025-09-02T11:45:26.032Z] 🐛 Starting sync for zoom with config: {
  enabled: true,
  lastSync: '2025-09-02T11:40:26.036Z',
  rateLimitRemaining: undefined
}
[2025-09-02T11:45:26.033Z] 🐛 Syncing zoom platform for user [object Object]
[2025-09-02T11:45:26.033Z] 🐛 zoom sync completed: 12 events
[2025-09-02T11:45:26.033Z] 🐛 Starting sync for teams with config: {
  enabled: true,
  lastSync: '2025-09-02T11:40:26.036Z',
  rateLimitRemaining: undefined
}
[2025-09-02T11:45:26.033Z] 🐛 Syncing teams platform for user [object Object]
[2025-09-02T11:45:26.033Z] 🐛 teams sync completed: 11 events
[2025-09-02T11:45:26.033Z] 🐛 Starting sync for webex with config: {
  enabled: true,
  lastSync: '2025-09-02T11:40:26.036Z',
  rateLimitRemaining: undefined
}
[2025-09-02T11:45:26.033Z] 🐛 Syncing webex platform for user [object Object]
[2025-09-02T11:45:26.033Z] 🐛 webex sync completed: 8 events
[2025-09-02T11:45:26.033Z] 🐛 Starting sync for google with config: {
  enabled: true,
  lastSync: '2025-09-02T11:40:26.036Z',
  rateLimitRemaining: undefined
}
[2025-09-02T11:45:26.033Z] 🐛 Syncing google platform for user [object Object]
[2025-09-02T11:45:26.033Z] 🐛 google sync completed: 13 events
[2025-09-02T11:45:26.033Z] 🐛 Starting sync for slack with config: {
  enabled: true,
  lastSync: '2025-09-02T11:40:26.036Z',
  rateLimitRemaining: undefined
}
[2025-09-02T11:45:26.033Z] 🐛 Syncing slack platform for user [object Object]
[2025-09-02T11:45:26.033Z] 🐛 slack sync completed: 14 events
[2025-09-02T11:45:26.037Z] 🐛 Performing IoT system health check
[2025-09-02T11:45:26.037Z] 🐛 IoT system health check completed
[2025-09-02T11:45:26.037Z] 🐛 Cleaning up inactive IoT devices
[2025-09-02T11:45:26.037Z] 🐛 IoT device cleanup completed
[2025-09-02T11:50:25.938Z] 🐛 Cleaning up expired visitors
[2025-09-02T11:50:25.939Z] 🐛 Updating visitor metrics
[2025-09-02T11:50:25.939Z] 🐛 Visitor metrics updated
[2025-09-02T11:50:25.947Z] 🐛 Syncing all calendars
[2025-09-02T11:50:25.947Z] 🐛 Starting sync for zoom with config: {
  enabled: true,
  lastSync: '2025-09-02T11:45:26.033Z',
  rateLimitRemaining: undefined
}
[2025-09-02T11:50:25.948Z] 🐛 Syncing zoom platform for user [object Object]
[2025-09-02T11:50:25.948Z] 🐛 zoom sync completed: 6 events
[2025-09-02T11:50:25.948Z] 🐛 Starting sync for teams with config: {
  enabled: true,
  lastSync: '2025-09-02T11:45:26.033Z',
  rateLimitRemaining: undefined
}
[2025-09-02T11:50:25.948Z] 🐛 Syncing teams platform for user [object Object]
[2025-09-02T11:50:25.948Z] 🐛 teams sync completed: 14 events
[2025-09-02T11:50:25.948Z] 🐛 Starting sync for webex with config: {
  enabled: true,
  lastSync: '2025-09-02T11:45:26.033Z',
  rateLimitRemaining: undefined
}
[2025-09-02T11:50:25.948Z] 🐛 Syncing webex platform for user [object Object]
[2025-09-02T11:50:25.948Z] 🐛 webex sync completed: 14 events
[2025-09-02T11:50:25.948Z] 🐛 Starting sync for google with config: {
  enabled: true,
  lastSync: '2025-09-02T11:45:26.033Z',
  rateLimitRemaining: undefined
}
[2025-09-02T11:50:25.948Z] 🐛 Syncing google platform for user [object Object]
[2025-09-02T11:50:25.948Z] 🐛 google sync completed: 17 events
[2025-09-02T11:50:25.948Z] 🐛 Starting sync for slack with config: {
  enabled: true,
  lastSync: '2025-09-02T11:45:26.033Z',
  rateLimitRemaining: undefined
}
[2025-09-02T11:50:25.948Z] 🐛 Syncing slack platform for user [object Object]
[2025-09-02T11:50:25.949Z] 🐛 slack sync completed: 16 events
[2025-09-02T11:50:26.019Z] 🐛 Collecting all metrics...
[2025-09-02T11:50:26.019Z] 🐛 Metrics collection completed
[2025-09-02T11:50:26.032Z] 🐛 Syncing all calendars
[2025-09-02T11:50:26.032Z] 🐛 Starting sync for zoom with config: {
  enabled: true,
  lastSync: '2025-09-02T11:50:25.948Z',
  rateLimitRemaining: undefined
}
[2025-09-02T11:50:26.032Z] 🐛 Syncing zoom platform for user [object Object]
[2025-09-02T11:50:26.032Z] 🐛 zoom sync completed: 18 events
[2025-09-02T11:50:26.032Z] 🐛 Starting sync for teams with config: {
  enabled: true,
  lastSync: '2025-09-02T11:50:25.948Z',
  rateLimitRemaining: undefined
}
[2025-09-02T11:50:26.032Z] 🐛 Syncing teams platform for user [object Object]
[2025-09-02T11:50:26.032Z] 🐛 teams sync completed: 24 events
[2025-09-02T11:50:26.032Z] 🐛 Starting sync for webex with config: {
  enabled: true,
  lastSync: '2025-09-02T11:50:25.948Z',
  rateLimitRemaining: undefined
}
[2025-09-02T11:50:26.032Z] 🐛 Syncing webex platform for user [object Object]
[2025-09-02T11:50:26.032Z] 🐛 webex sync completed: 9 events
[2025-09-02T11:50:26.032Z] 🐛 Starting sync for google with config: {
  enabled: true,
  lastSync: '2025-09-02T11:50:25.948Z',
  rateLimitRemaining: undefined
}
[2025-09-02T11:50:26.033Z] 🐛 Syncing google platform for user [object Object]
[2025-09-02T11:50:26.033Z] 🐛 google sync completed: 20 events
[2025-09-02T11:50:26.033Z] 🐛 Starting sync for slack with config: {
  enabled: true,
  lastSync: '2025-09-02T11:50:25.949Z',
  rateLimitRemaining: undefined
}
[2025-09-02T11:50:26.033Z] 🐛 Syncing slack platform for user [object Object]
[2025-09-02T11:50:26.033Z] 🐛 slack sync completed: 14 events
[2025-09-02T11:50:26.036Z] 🐛 Performing IoT system health check
[2025-09-02T11:50:26.036Z] 🐛 IoT system health check completed
[2025-09-02T11:50:26.036Z] 🐛 Cleaning up inactive IoT devices
[2025-09-02T11:50:26.036Z] 🐛 IoT device cleanup completed
[2025-09-02T11:55:25.959Z] 🐛 Cleaning up expired bookings
[2025-09-02T11:55:25.977Z] 🐛 Updating availability metrics
[2025-09-02T11:55:25.977Z] 🐛 Availability metrics updated
[2025-09-02T11:55:26.019Z] 🐛 Collecting all metrics...
[2025-09-02T11:55:26.020Z] 🐛 Metrics collection completed
[2025-09-02T11:55:26.032Z] 🐛 Syncing all calendars
[2025-09-02T11:55:26.032Z] 🐛 Starting sync for zoom with config: {
  enabled: true,
  lastSync: '2025-09-02T11:50:26.032Z',
  rateLimitRemaining: undefined
}
[2025-09-02T11:55:26.034Z] 🐛 Syncing zoom platform for user [object Object]
[2025-09-02T11:55:26.034Z] 🐛 zoom sync completed: 22 events
[2025-09-02T11:55:26.035Z] 🐛 Starting sync for teams with config: {
  enabled: true,
  lastSync: '2025-09-02T11:50:26.032Z',
  rateLimitRemaining: undefined
}
[2025-09-02T11:55:26.035Z] 🐛 Syncing teams platform for user [object Object]
[2025-09-02T11:55:26.035Z] 🐛 teams sync completed: 14 events
[2025-09-02T11:55:26.035Z] 🐛 Starting sync for webex with config: {
  enabled: true,
  lastSync: '2025-09-02T11:50:26.032Z',
  rateLimitRemaining: undefined
}
[2025-09-02T11:55:26.035Z] 🐛 Syncing webex platform for user [object Object]
[2025-09-02T11:55:26.035Z] 🐛 webex sync completed: 19 events
[2025-09-02T11:55:26.035Z] 🐛 Starting sync for google with config: {
  enabled: true,
  lastSync: '2025-09-02T11:50:26.033Z',
  rateLimitRemaining: undefined
}
[2025-09-02T11:55:26.035Z] 🐛 Syncing google platform for user [object Object]
[2025-09-02T11:55:26.035Z] 🐛 google sync completed: 15 events
[2025-09-02T11:55:26.035Z] 🐛 Starting sync for slack with config: {
  enabled: true,
  lastSync: '2025-09-02T11:50:26.033Z',
  rateLimitRemaining: undefined
}
[2025-09-02T11:55:26.035Z] 🐛 Syncing slack platform for user [object Object]
[2025-09-02T11:55:26.035Z] 🐛 slack sync completed: 7 events
[2025-09-02T11:55:26.035Z] 🐛 Performing IoT system health check
[2025-09-02T11:55:26.035Z] 🐛 IoT system health check completed
[2025-09-02T11:55:26.035Z] 🐛 Cleaning up inactive IoT devices
[2025-09-02T11:55:26.035Z] 🐛 IoT device cleanup completed
[2025-09-02T12:00:26.005Z] 🐛 Collecting all metrics...
[2025-09-02T12:00:26.023Z] 🐛 Metrics collection completed
[2025-09-02T12:00:26.027Z] 🐛 Syncing all calendars
[2025-09-02T12:00:26.027Z] 🐛 Starting sync for zoom with config: {
  enabled: true,
  lastSync: '2025-09-02T11:55:26.034Z',
  rateLimitRemaining: undefined
}
[2025-09-02T12:00:26.035Z] 🐛 Syncing zoom platform for user [object Object]
[2025-09-02T12:00:26.036Z] 🐛 zoom sync completed: 11 events
[2025-09-02T12:00:26.036Z] 🐛 Starting sync for teams with config: {
  enabled: true,
  lastSync: '2025-09-02T11:55:26.035Z',
  rateLimitRemaining: undefined
}
[2025-09-02T12:00:26.036Z] 🐛 Syncing teams platform for user [object Object]
[2025-09-02T12:00:26.036Z] 🐛 teams sync completed: 18 events
[2025-09-02T12:00:26.036Z] 🐛 Starting sync for webex with config: {
  enabled: true,
  lastSync: '2025-09-02T11:55:26.035Z',
  rateLimitRemaining: undefined
}
[2025-09-02T12:00:26.036Z] 🐛 Syncing webex platform for user [object Object]
[2025-09-02T12:00:26.036Z] 🐛 webex sync completed: 5 events
[2025-09-02T12:00:26.036Z] 🐛 Starting sync for google with config: {
  enabled: true,
  lastSync: '2025-09-02T11:55:26.035Z',
  rateLimitRemaining: undefined
}
[2025-09-02T12:00:26.037Z] 🐛 Syncing google platform for user [object Object]
[2025-09-02T12:00:26.037Z] 🐛 google sync completed: 10 events
[2025-09-02T12:00:26.038Z] 🐛 Starting sync for slack with config: {
  enabled: true,
  lastSync: '2025-09-02T11:55:26.035Z',
  rateLimitRemaining: undefined
}
[2025-09-02T12:00:26.038Z] 🐛 Syncing slack platform for user [object Object]
[2025-09-02T12:00:26.038Z] 🐛 slack sync completed: 24 events
[2025-09-02T12:00:26.038Z] 🐛 Performing IoT system health check
[2025-09-02T12:00:26.039Z] 🐛 IoT system health check completed
[2025-09-02T12:00:26.039Z] 🐛 Cleaning up inactive IoT devices
[2025-09-02T12:00:26.039Z] 🐛 IoT device cleanup completed
[2025-09-02T12:05:25.920Z] 🐛 Cleaning up expired visitors
[2025-09-02T12:05:25.944Z] 🐛 Updating visitor metrics
[2025-09-02T12:05:25.944Z] 🐛 Visitor metrics updated
[2025-09-02T12:05:25.945Z] 🐛 Syncing all calendars
[2025-09-02T12:05:25.945Z] 🐛 Starting sync for zoom with config: {
  enabled: true,
  lastSync: '2025-09-02T12:00:26.036Z',
  rateLimitRemaining: undefined
}
[2025-09-02T12:05:25.947Z] 🐛 Syncing zoom platform for user [object Object]
[2025-09-02T12:05:25.948Z] 🐛 zoom sync completed: 12 events
[2025-09-02T12:05:25.948Z] 🐛 Starting sync for teams with config: {
  enabled: true,
  lastSync: '2025-09-02T12:00:26.036Z',
  rateLimitRemaining: undefined
}
[2025-09-02T12:05:25.948Z] 🐛 Syncing teams platform for user [object Object]
[2025-09-02T12:05:25.948Z] 🐛 teams sync completed: 8 events
[2025-09-02T12:05:25.948Z] 🐛 Starting sync for webex with config: {
  enabled: true,
  lastSync: '2025-09-02T12:00:26.036Z',
  rateLimitRemaining: undefined
}
[2025-09-02T12:05:25.948Z] 🐛 Syncing webex platform for user [object Object]
[2025-09-02T12:05:25.948Z] 🐛 webex sync completed: 12 events
[2025-09-02T12:05:25.949Z] 🐛 Starting sync for google with config: {
  enabled: true,
  lastSync: '2025-09-02T12:00:26.038Z',
  rateLimitRemaining: undefined
}
[2025-09-02T12:05:25.950Z] 🐛 Syncing google platform for user [object Object]
[2025-09-02T12:05:25.950Z] 🐛 google sync completed: 8 events
[2025-09-02T12:05:25.950Z] 🐛 Starting sync for slack with config: {
  enabled: true,
  lastSync: '2025-09-02T12:00:26.038Z',
  rateLimitRemaining: undefined
}
[2025-09-02T12:05:25.950Z] 🐛 Syncing slack platform for user [object Object]
[2025-09-02T12:05:25.950Z] 🐛 slack sync completed: 16 events
[2025-09-02T12:05:25.951Z] 🐛 Cleaning up expired bookings
[2025-09-02T12:05:25.952Z] 🐛 Updating availability metrics
[2025-09-02T12:05:25.952Z] 🐛 Availability metrics updated
[2025-09-02T12:05:25.998Z] 🐛 Collecting all metrics...
[2025-09-02T12:05:25.998Z] 🐛 Metrics collection completed
[2025-09-02T12:05:26.025Z] 🐛 Syncing all calendars
[2025-09-02T12:05:26.025Z] 🐛 Starting sync for zoom with config: {
  enabled: true,
  lastSync: '2025-09-02T12:05:25.948Z',
  rateLimitRemaining: undefined
}
[2025-09-02T12:05:26.025Z] 🐛 Syncing zoom platform for user [object Object]
[2025-09-02T12:05:26.026Z] 🐛 zoom sync completed: 20 events
[2025-09-02T12:05:26.026Z] 🐛 Starting sync for teams with config: {
  enabled: true,
  lastSync: '2025-09-02T12:05:25.948Z',
  rateLimitRemaining: undefined
}
[2025-09-02T12:05:26.026Z] 🐛 Syncing teams platform for user [object Object]
[2025-09-02T12:05:26.026Z] 🐛 teams sync completed: 12 events
[2025-09-02T12:05:26.026Z] 🐛 Starting sync for webex with config: {
  enabled: true,
  lastSync: '2025-09-02T12:05:25.948Z',
  rateLimitRemaining: undefined
}
[2025-09-02T12:05:26.026Z] 🐛 Syncing webex platform for user [object Object]
[2025-09-02T12:05:26.026Z] 🐛 webex sync completed: 6 events
[2025-09-02T12:05:26.026Z] 🐛 Starting sync for google with config: {
  enabled: true,
  lastSync: '2025-09-02T12:05:25.950Z',
  rateLimitRemaining: undefined
}
[2025-09-02T12:05:26.026Z] 🐛 Syncing google platform for user [object Object]
[2025-09-02T12:05:26.026Z] 🐛 google sync completed: 15 events
[2025-09-02T12:05:26.027Z] 🐛 Starting sync for slack with config: {
  enabled: true,
  lastSync: '2025-09-02T12:05:25.950Z',
  rateLimitRemaining: undefined
}
[2025-09-02T12:05:26.027Z] 🐛 Syncing slack platform for user [object Object]
[2025-09-02T12:05:26.027Z] 🐛 slack sync completed: 21 events
[2025-09-02T12:05:26.035Z] 🐛 Performing IoT system health check
[2025-09-02T12:05:26.035Z] 🐛 IoT system health check completed
[2025-09-02T12:05:26.035Z] 🐛 Cleaning up inactive IoT devices
[2025-09-02T12:05:26.035Z] 🐛 IoT device cleanup completed
[2025-09-02T12:10:25.995Z] 🐛 Collecting all metrics...
[2025-09-02T12:10:26.012Z] 🐛 Metrics collection completed
[2025-09-02T12:10:26.023Z] 🐛 Syncing all calendars
[2025-09-02T12:10:26.024Z] 🐛 Starting sync for zoom with config: {
  enabled: true,
  lastSync: '2025-09-02T12:05:26.026Z',
  rateLimitRemaining: undefined
}
[2025-09-02T12:10:26.024Z] 🐛 Syncing zoom platform for user [object Object]
[2025-09-02T12:10:26.024Z] 🐛 zoom sync completed: 16 events
[2025-09-02T12:10:26.024Z] 🐛 Starting sync for teams with config: {
  enabled: true,
  lastSync: '2025-09-02T12:05:26.026Z',
  rateLimitRemaining: undefined
}
[2025-09-02T12:10:26.024Z] 🐛 Syncing teams platform for user [object Object]
[2025-09-02T12:10:26.024Z] 🐛 teams sync completed: 5 events
[2025-09-02T12:10:26.024Z] 🐛 Starting sync for webex with config: {
  enabled: true,
  lastSync: '2025-09-02T12:05:26.026Z',
  rateLimitRemaining: undefined
}
[2025-09-02T12:10:26.024Z] 🐛 Syncing webex platform for user [object Object]
[2025-09-02T12:10:26.024Z] 🐛 webex sync completed: 23 events
[2025-09-02T12:10:26.024Z] 🐛 Starting sync for google with config: {
  enabled: true,
  lastSync: '2025-09-02T12:05:26.027Z',
  rateLimitRemaining: undefined
}
[2025-09-02T12:10:26.024Z] 🐛 Syncing google platform for user [object Object]
[2025-09-02T12:10:26.024Z] 🐛 google sync completed: 23 events
[2025-09-02T12:10:26.024Z] 🐛 Starting sync for slack with config: {
  enabled: true,
  lastSync: '2025-09-02T12:05:26.027Z',
  rateLimitRemaining: undefined
}
[2025-09-02T12:10:26.024Z] 🐛 Syncing slack platform for user [object Object]
[2025-09-02T12:10:26.025Z] 🐛 slack sync completed: 23 events
[2025-09-02T12:10:26.034Z] 🐛 Performing IoT system health check
[2025-09-02T12:10:26.034Z] 🐛 IoT system health check completed
[2025-09-02T12:10:26.034Z] 🐛 Cleaning up inactive IoT devices
[2025-09-02T12:10:26.034Z] 🐛 IoT device cleanup completed
[2025-09-02T12:15:25.946Z] 🐛 Cleaning up expired bookings
[2025-09-02T12:15:25.948Z] 🐛 Updating availability metrics
[2025-09-02T12:15:25.950Z] 🐛 Availability metrics updated
[2025-09-02T12:15:25.992Z] 🐛 Collecting all metrics...
[2025-09-02T12:15:25.992Z] 🐛 Metrics collection completed
[2025-09-02T12:15:26.020Z] 🐛 Syncing all calendars
[2025-09-02T12:15:26.021Z] 🐛 Starting sync for zoom with config: {
  enabled: true,
  lastSync: '2025-09-02T12:10:26.024Z',
  rateLimitRemaining: undefined
}
[2025-09-02T12:15:26.021Z] 🐛 Syncing zoom platform for user [object Object]
[2025-09-02T12:15:26.021Z] 🐛 zoom sync completed: 8 events
[2025-09-02T12:15:26.021Z] 🐛 Starting sync for teams with config: {
  enabled: true,
  lastSync: '2025-09-02T12:10:26.024Z',
  rateLimitRemaining: undefined
}
[2025-09-02T12:15:26.021Z] 🐛 Syncing teams platform for user [object Object]
[2025-09-02T12:15:26.021Z] 🐛 teams sync completed: 14 events
[2025-09-02T12:15:26.021Z] 🐛 Starting sync for webex with config: {
  enabled: true,
  lastSync: '2025-09-02T12:10:26.024Z',
  rateLimitRemaining: undefined
}
[2025-09-02T12:15:26.021Z] 🐛 Syncing webex platform for user [object Object]
[2025-09-02T12:15:26.022Z] 🐛 webex sync completed: 20 events
[2025-09-02T12:15:26.022Z] 🐛 Starting sync for google with config: {
  enabled: true,
  lastSync: '2025-09-02T12:10:26.024Z',
  rateLimitRemaining: undefined
}
[2025-09-02T12:15:26.022Z] 🐛 Syncing google platform for user [object Object]
[2025-09-02T12:15:26.022Z] 🐛 google sync completed: 20 events
[2025-09-02T12:15:26.022Z] 🐛 Starting sync for slack with config: {
  enabled: true,
  lastSync: '2025-09-02T12:10:26.025Z',
  rateLimitRemaining: undefined
}
[2025-09-02T12:15:26.022Z] 🐛 Syncing slack platform for user [object Object]
[2025-09-02T12:15:26.022Z] 🐛 slack sync completed: 5 events
[2025-09-02T12:15:26.030Z] 🐛 Performing IoT system health check
[2025-09-02T12:15:26.030Z] 🐛 IoT system health check completed
[2025-09-02T12:15:26.030Z] 🐛 Cleaning up inactive IoT devices
[2025-09-02T12:15:26.030Z] 🐛 IoT device cleanup completed
[2025-09-02T12:20:25.906Z] 🐛 Cleaning up expired visitors
[2025-09-02T12:20:25.925Z] 🐛 Updating visitor metrics
[2025-09-02T12:20:25.925Z] 🐛 Visitor metrics updated
[2025-09-02T12:20:25.936Z] 🐛 Syncing all calendars
[2025-09-02T12:20:25.936Z] 🐛 Starting sync for zoom with config: {
  enabled: true,
  lastSync: '2025-09-02T12:15:26.021Z',
  rateLimitRemaining: undefined
}
[2025-09-02T12:20:25.940Z] 🐛 Syncing zoom platform for user [object Object]
[2025-09-02T12:20:25.940Z] 🐛 zoom sync completed: 16 events
[2025-09-02T12:20:25.940Z] 🐛 Starting sync for teams with config: {
  enabled: true,
  lastSync: '2025-09-02T12:15:26.021Z',
  rateLimitRemaining: undefined
}
[2025-09-02T12:20:25.941Z] 🐛 Syncing teams platform for user [object Object]
[2025-09-02T12:20:25.941Z] 🐛 teams sync completed: 18 events
[2025-09-02T12:20:25.941Z] 🐛 Starting sync for webex with config: {
  enabled: true,
  lastSync: '2025-09-02T12:15:26.022Z',
  rateLimitRemaining: undefined
}
[2025-09-02T12:20:25.941Z] 🐛 Syncing webex platform for user [object Object]
[2025-09-02T12:20:25.941Z] 🐛 webex sync completed: 6 events
[2025-09-02T12:20:25.941Z] 🐛 Starting sync for google with config: {
  enabled: true,
  lastSync: '2025-09-02T12:15:26.022Z',
  rateLimitRemaining: undefined
}
[2025-09-02T12:20:25.941Z] 🐛 Syncing google platform for user [object Object]
[2025-09-02T12:20:25.941Z] 🐛 google sync completed: 20 events
[2025-09-02T12:20:25.941Z] 🐛 Starting sync for slack with config: {
  enabled: true,
  lastSync: '2025-09-02T12:15:26.022Z',
  rateLimitRemaining: undefined
}
[2025-09-02T12:20:25.941Z] 🐛 Syncing slack platform for user [object Object]
[2025-09-02T12:20:25.941Z] 🐛 slack sync completed: 11 events
[2025-09-02T12:20:25.988Z] 🐛 Collecting all metrics...
[2025-09-02T12:20:25.988Z] 🐛 Metrics collection completed
[2025-09-02T12:20:26.017Z] 🐛 Syncing all calendars
[2025-09-02T12:20:26.018Z] 🐛 Starting sync for zoom with config: {
  enabled: true,
  lastSync: '2025-09-02T12:20:25.940Z',
  rateLimitRemaining: undefined
}
[2025-09-02T12:20:26.018Z] 🐛 Syncing zoom platform for user [object Object]
[2025-09-02T12:20:26.018Z] 🐛 zoom sync completed: 20 events
[2025-09-02T12:20:26.018Z] 🐛 Starting sync for teams with config: {
  enabled: true,
  lastSync: '2025-09-02T12:20:25.941Z',
  rateLimitRemaining: undefined
}
[2025-09-02T12:20:26.018Z] 🐛 Syncing teams platform for user [object Object]
[2025-09-02T12:20:26.018Z] 🐛 teams sync completed: 9 events
[2025-09-02T12:20:26.018Z] 🐛 Starting sync for webex with config: {
  enabled: true,
  lastSync: '2025-09-02T12:20:25.941Z',
  rateLimitRemaining: undefined
}
[2025-09-02T12:20:26.019Z] 🐛 Syncing webex platform for user [object Object]
[2025-09-02T12:20:26.019Z] 🐛 webex sync completed: 12 events
[2025-09-02T12:20:26.019Z] 🐛 Starting sync for google with config: {
  enabled: true,
  lastSync: '2025-09-02T12:20:25.941Z',
  rateLimitRemaining: undefined
}
[2025-09-02T12:20:26.019Z] 🐛 Syncing google platform for user [object Object]
[2025-09-02T12:20:26.019Z] 🐛 google sync completed: 20 events
[2025-09-02T12:20:26.019Z] 🐛 Starting sync for slack with config: {
  enabled: true,
  lastSync: '2025-09-02T12:20:25.941Z',
  rateLimitRemaining: undefined
}
[2025-09-02T12:20:26.019Z] 🐛 Syncing slack platform for user [object Object]
[2025-09-02T12:20:26.019Z] 🐛 slack sync completed: 20 events
[2025-09-02T12:20:26.028Z] 🐛 Performing IoT system health check
[2025-09-02T12:20:26.028Z] 🐛 IoT system health check completed
[2025-09-02T12:20:26.028Z] 🐛 Cleaning up inactive IoT devices
[2025-09-02T12:20:26.028Z] 🐛 IoT device cleanup completed
[2025-09-02T12:25:25.942Z] 🐛 Cleaning up expired bookings
[2025-09-02T12:25:25.955Z] 🐛 Updating availability metrics
[2025-09-02T12:25:25.955Z] 🐛 Availability metrics updated
[2025-09-02T12:25:25.987Z] 🐛 Collecting all metrics...
[2025-09-02T12:25:25.987Z] 🐛 Metrics collection completed
[2025-09-02T12:25:26.016Z] 🐛 Syncing all calendars
[2025-09-02T12:25:26.016Z] 🐛 Starting sync for zoom with config: {
  enabled: true,
  lastSync: '2025-09-02T12:20:26.018Z',
  rateLimitRemaining: undefined
}
[2025-09-02T12:25:26.017Z] 🐛 Syncing zoom platform for user [object Object]
[2025-09-02T12:25:26.017Z] 🐛 zoom sync completed: 18 events
[2025-09-02T12:25:26.017Z] 🐛 Starting sync for teams with config: {
  enabled: true,
  lastSync: '2025-09-02T12:20:26.018Z',
  rateLimitRemaining: undefined
}
[2025-09-02T12:25:26.017Z] 🐛 Syncing teams platform for user [object Object]
[2025-09-02T12:25:26.017Z] 🐛 teams sync completed: 19 events
[2025-09-02T12:25:26.017Z] 🐛 Starting sync for webex with config: {
  enabled: true,
  lastSync: '2025-09-02T12:20:26.019Z',
  rateLimitRemaining: undefined
}
[2025-09-02T12:25:26.017Z] 🐛 Syncing webex platform for user [object Object]
[2025-09-02T12:25:26.017Z] 🐛 webex sync completed: 10 events
[2025-09-02T12:25:26.017Z] 🐛 Starting sync for google with config: {
  enabled: true,
  lastSync: '2025-09-02T12:20:26.019Z',
  rateLimitRemaining: undefined
}
[2025-09-02T12:25:26.018Z] 🐛 Syncing google platform for user [object Object]
[2025-09-02T12:25:26.018Z] 🐛 google sync completed: 16 events
[2025-09-02T12:25:26.018Z] 🐛 Starting sync for slack with config: {
  enabled: true,
  lastSync: '2025-09-02T12:20:26.019Z',
  rateLimitRemaining: undefined
}
[2025-09-02T12:25:26.018Z] 🐛 Syncing slack platform for user [object Object]
[2025-09-02T12:25:26.018Z] 🐛 slack sync completed: 8 events
[2025-09-02T12:25:26.026Z] 🐛 Performing IoT system health check
[2025-09-02T12:25:26.026Z] 🐛 IoT system health check completed
[2025-09-02T12:25:26.026Z] 🐛 Cleaning up inactive IoT devices
[2025-09-02T12:25:26.026Z] 🐛 IoT device cleanup completed
[2025-09-02T12:30:25.988Z] 🐛 Collecting all metrics...
[2025-09-02T12:30:25.996Z] 🐛 Metrics collection completed
[2025-09-02T12:30:26.014Z] 🐛 Syncing all calendars
[2025-09-02T12:30:26.014Z] 🐛 Starting sync for zoom with config: {
  enabled: true,
  lastSync: '2025-09-02T12:25:26.017Z',
  rateLimitRemaining: undefined
}
[2025-09-02T12:30:26.016Z] 🐛 Syncing zoom platform for user [object Object]
[2025-09-02T12:30:26.016Z] 🐛 zoom sync completed: 18 events
[2025-09-02T12:30:26.016Z] 🐛 Starting sync for teams with config: {
  enabled: true,
  lastSync: '2025-09-02T12:25:26.017Z',
  rateLimitRemaining: undefined
}
[2025-09-02T12:30:26.016Z] 🐛 Syncing teams platform for user [object Object]
[2025-09-02T12:30:26.016Z] 🐛 teams sync completed: 14 events
[2025-09-02T12:30:26.016Z] 🐛 Starting sync for webex with config: {
  enabled: true,
  lastSync: '2025-09-02T12:25:26.017Z',
  rateLimitRemaining: undefined
}
[2025-09-02T12:30:26.016Z] 🐛 Syncing webex platform for user [object Object]
[2025-09-02T12:30:26.016Z] 🐛 webex sync completed: 20 events
[2025-09-02T12:30:26.016Z] 🐛 Starting sync for google with config: {
  enabled: true,
  lastSync: '2025-09-02T12:25:26.018Z',
  rateLimitRemaining: undefined
}
[2025-09-02T12:30:26.016Z] 🐛 Syncing google platform for user [object Object]
[2025-09-02T12:30:26.016Z] 🐛 google sync completed: 8 events
[2025-09-02T12:30:26.016Z] 🐛 Starting sync for slack with config: {
  enabled: true,
  lastSync: '2025-09-02T12:25:26.019Z',
  rateLimitRemaining: undefined
}
[2025-09-02T12:30:26.016Z] 🐛 Syncing slack platform for user [object Object]
[2025-09-02T12:30:26.016Z] 🐛 slack sync completed: 5 events
[2025-09-02T12:30:26.024Z] 🐛 Performing IoT system health check
[2025-09-02T12:30:26.024Z] 🐛 IoT system health check completed
[2025-09-02T12:30:26.024Z] 🐛 Cleaning up inactive IoT devices
[2025-09-02T12:30:26.024Z] 🐛 IoT device cleanup completed
[2025-09-02T12:35:25.921Z] 🐛 Cleaning up expired visitors
[2025-09-02T12:35:25.924Z] 🐛 Updating visitor metrics
[2025-09-02T12:35:25.924Z] 🐛 Visitor metrics updated
[2025-09-02T12:35:25.950Z] 🐛 Syncing all calendars
[2025-09-02T12:35:25.950Z] 🐛 Starting sync for zoom with config: {
  enabled: true,
  lastSync: '2025-09-02T12:30:26.016Z',
  rateLimitRemaining: undefined
}
[2025-09-02T12:35:25.951Z] 🐛 Syncing zoom platform for user [object Object]
[2025-09-02T12:35:25.951Z] 🐛 zoom sync completed: 24 events
[2025-09-02T12:35:25.951Z] 🐛 Starting sync for teams with config: {
  enabled: true,
  lastSync: '2025-09-02T12:30:26.016Z',
  rateLimitRemaining: undefined
}
[2025-09-02T12:35:25.952Z] 🐛 Syncing teams platform for user [object Object]
[2025-09-02T12:35:25.952Z] 🐛 teams sync completed: 10 events
[2025-09-02T12:35:25.952Z] 🐛 Starting sync for webex with config: {
  enabled: true,
  lastSync: '2025-09-02T12:30:26.016Z',
  rateLimitRemaining: undefined
}
[2025-09-02T12:35:25.952Z] 🐛 Syncing webex platform for user [object Object]
[2025-09-02T12:35:25.952Z] 🐛 webex sync completed: 12 events
[2025-09-02T12:35:25.952Z] 🐛 Starting sync for google with config: {
  enabled: true,
  lastSync: '2025-09-02T12:30:26.016Z',
  rateLimitRemaining: undefined
}
[2025-09-02T12:35:25.952Z] 🐛 Syncing google platform for user [object Object]
[2025-09-02T12:35:25.952Z] 🐛 google sync completed: 20 events
[2025-09-02T12:35:25.952Z] 🐛 Starting sync for slack with config: {
  enabled: true,
  lastSync: '2025-09-02T12:30:26.016Z',
  rateLimitRemaining: undefined
}
[2025-09-02T12:35:25.952Z] 🐛 Syncing slack platform for user [object Object]
[2025-09-02T12:35:25.952Z] 🐛 slack sync completed: 19 events
[2025-09-02T12:35:25.960Z] 🐛 Cleaning up expired bookings
[2025-09-02T12:35:25.960Z] 🐛 Updating availability metrics
[2025-09-02T12:35:25.960Z] 🐛 Availability metrics updated
[2025-09-02T12:35:26.008Z] 🐛 Collecting all metrics...
[2025-09-02T12:35:26.009Z] 🐛 Metrics collection completed
[2025-09-02T12:35:26.037Z] 🐛 Syncing all calendars
[2025-09-02T12:35:26.037Z] 🐛 Starting sync for zoom with config: {
  enabled: true,
  lastSync: '2025-09-02T12:35:25.951Z',
  rateLimitRemaining: undefined
}
[2025-09-02T12:35:26.037Z] 🐛 Syncing zoom platform for user [object Object]
[2025-09-02T12:35:26.037Z] 🐛 zoom sync completed: 16 events
[2025-09-02T12:35:26.037Z] 🐛 Starting sync for teams with config: {
  enabled: true,
  lastSync: '2025-09-02T12:35:25.952Z',
  rateLimitRemaining: undefined
}
[2025-09-02T12:35:26.038Z] 🐛 Syncing teams platform for user [object Object]
[2025-09-02T12:35:26.038Z] 🐛 teams sync completed: 19 events
[2025-09-02T12:35:26.038Z] 🐛 Starting sync for webex with config: {
  enabled: true,
  lastSync: '2025-09-02T12:35:25.952Z',
  rateLimitRemaining: undefined
}
[2025-09-02T12:35:26.038Z] 🐛 Syncing webex platform for user [object Object]
[2025-09-02T12:35:26.038Z] 🐛 webex sync completed: 8 events
[2025-09-02T12:35:26.038Z] 🐛 Starting sync for google with config: {
  enabled: true,
  lastSync: '2025-09-02T12:35:25.952Z',
  rateLimitRemaining: undefined
}
[2025-09-02T12:35:26.038Z] 🐛 Syncing google platform for user [object Object]
[2025-09-02T12:35:26.038Z] 🐛 google sync completed: 7 events
[2025-09-02T12:35:26.038Z] 🐛 Starting sync for slack with config: {
  enabled: true,
  lastSync: '2025-09-02T12:35:25.952Z',
  rateLimitRemaining: undefined
}
[2025-09-02T12:35:26.038Z] 🐛 Syncing slack platform for user [object Object]
[2025-09-02T12:35:26.038Z] 🐛 slack sync completed: 12 events
[2025-09-02T12:35:26.047Z] 🐛 Performing IoT system health check
[2025-09-02T12:35:26.047Z] 🐛 IoT system health check completed
[2025-09-02T12:35:26.047Z] 🐛 Cleaning up inactive IoT devices
[2025-09-02T12:35:26.048Z] 🐛 IoT device cleanup completed
[2025-09-02T12:40:26.014Z] 🐛 Collecting all metrics...
[2025-09-02T12:40:26.034Z] 🐛 Metrics collection completed
[2025-09-02T12:40:26.040Z] 🐛 Syncing all calendars
[2025-09-02T12:40:26.041Z] 🐛 Starting sync for zoom with config: {
  enabled: true,
  lastSync: '2025-09-02T12:35:26.037Z',
  rateLimitRemaining: undefined
}
[2025-09-02T12:40:26.044Z] 🐛 Syncing zoom platform for user [object Object]
[2025-09-02T12:40:26.044Z] 🐛 zoom sync completed: 5 events
[2025-09-02T12:40:26.044Z] 🐛 Starting sync for teams with config: {
  enabled: true,
  lastSync: '2025-09-02T12:35:26.038Z',
  rateLimitRemaining: undefined
}
[2025-09-02T12:40:26.044Z] 🐛 Syncing teams platform for user [object Object]
[2025-09-02T12:40:26.044Z] 🐛 teams sync completed: 19 events
[2025-09-02T12:40:26.044Z] 🐛 Starting sync for webex with config: {
  enabled: true,
  lastSync: '2025-09-02T12:35:26.038Z',
  rateLimitRemaining: undefined
}
[2025-09-02T12:40:26.045Z] 🐛 Syncing webex platform for user [object Object]
[2025-09-02T12:40:26.045Z] 🐛 webex sync completed: 13 events
[2025-09-02T12:40:26.045Z] 🐛 Starting sync for google with config: {
  enabled: true,
  lastSync: '2025-09-02T12:35:26.038Z',
  rateLimitRemaining: undefined
}
[2025-09-02T12:40:26.047Z] 🐛 Syncing google platform for user [object Object]
[2025-09-02T12:40:26.047Z] 🐛 google sync completed: 24 events
[2025-09-02T12:40:26.047Z] 🐛 Starting sync for slack with config: {
  enabled: true,
  lastSync: '2025-09-02T12:35:26.038Z',
  rateLimitRemaining: undefined
}
[2025-09-02T12:40:26.047Z] 🐛 Syncing slack platform for user [object Object]
[2025-09-02T12:40:26.047Z] 🐛 slack sync completed: 10 events
[2025-09-02T12:40:26.049Z] 🐛 Performing IoT system health check
[2025-09-02T12:40:26.049Z] 🐛 IoT system health check completed
[2025-09-02T12:40:26.049Z] 🐛 Cleaning up inactive IoT devices
[2025-09-02T12:40:26.049Z] 🐛 IoT device cleanup completed
[2025-09-02T12:45:25.959Z] 🐛 Cleaning up expired bookings
[2025-09-02T12:45:25.967Z] 🐛 Updating availability metrics
[2025-09-02T12:45:25.968Z] 🐛 Availability metrics updated
[2025-09-02T12:45:26.009Z] 🐛 Collecting all metrics...
[2025-09-02T12:45:26.009Z] 🐛 Metrics collection completed
[2025-09-02T12:45:26.040Z] 🐛 Syncing all calendars
[2025-09-02T12:45:26.041Z] 🐛 Starting sync for zoom with config: {
  enabled: true,
  lastSync: '2025-09-02T12:40:26.044Z',
  rateLimitRemaining: undefined
}
[2025-09-02T12:45:26.042Z] 🐛 Syncing zoom platform for user [object Object]
[2025-09-02T12:45:26.043Z] 🐛 zoom sync completed: 17 events
[2025-09-02T12:45:26.043Z] 🐛 Starting sync for teams with config: {
  enabled: true,
  lastSync: '2025-09-02T12:40:26.044Z',
  rateLimitRemaining: undefined
}
[2025-09-02T12:45:26.043Z] 🐛 Syncing teams platform for user [object Object]
[2025-09-02T12:45:26.043Z] 🐛 teams sync completed: 14 events
[2025-09-02T12:45:26.043Z] 🐛 Starting sync for webex with config: {
  enabled: true,
  lastSync: '2025-09-02T12:40:26.045Z',
  rateLimitRemaining: undefined
}
[2025-09-02T12:45:26.043Z] 🐛 Syncing webex platform for user [object Object]
[2025-09-02T12:45:26.043Z] 🐛 webex sync completed: 12 events
[2025-09-02T12:45:26.043Z] 🐛 Starting sync for google with config: {
  enabled: true,
  lastSync: '2025-09-02T12:40:26.047Z',
  rateLimitRemaining: undefined
}
[2025-09-02T12:45:26.043Z] 🐛 Syncing google platform for user [object Object]
[2025-09-02T12:45:26.043Z] 🐛 google sync completed: 18 events
[2025-09-02T12:45:26.043Z] 🐛 Starting sync for slack with config: {
  enabled: true,
  lastSync: '2025-09-02T12:40:26.047Z',
  rateLimitRemaining: undefined
}
[2025-09-02T12:45:26.043Z] 🐛 Syncing slack platform for user [object Object]
[2025-09-02T12:45:26.043Z] 🐛 slack sync completed: 22 events
[2025-09-02T12:45:26.047Z] 🐛 Performing IoT system health check
[2025-09-02T12:45:26.047Z] 🐛 IoT system health check completed
[2025-09-02T12:45:26.047Z] 🐛 Cleaning up inactive IoT devices
[2025-09-02T12:45:26.047Z] 🐛 IoT device cleanup completed
[2025-09-02T12:50:25.918Z] 🐛 Cleaning up expired visitors
[2025-09-02T12:50:25.926Z] 🐛 Updating visitor metrics
[2025-09-02T12:50:25.926Z] 🐛 Visitor metrics updated
[2025-09-02T12:50:25.946Z] 🐛 Syncing all calendars
[2025-09-02T12:50:25.946Z] 🐛 Starting sync for zoom with config: {
  enabled: true,
  lastSync: '2025-09-02T12:45:26.043Z',
  rateLimitRemaining: undefined
}
[2025-09-02T12:50:25.949Z] 🐛 Syncing zoom platform for user [object Object]
[2025-09-02T12:50:25.949Z] 🐛 zoom sync completed: 15 events
[2025-09-02T12:50:25.949Z] 🐛 Starting sync for teams with config: {
  enabled: true,
  lastSync: '2025-09-02T12:45:26.043Z',
  rateLimitRemaining: undefined
}
[2025-09-02T12:50:25.949Z] 🐛 Syncing teams platform for user [object Object]
[2025-09-02T12:50:25.949Z] 🐛 teams sync completed: 9 events
[2025-09-02T12:50:25.949Z] 🐛 Starting sync for webex with config: {
  enabled: true,
  lastSync: '2025-09-02T12:45:26.043Z',
  rateLimitRemaining: undefined
}
[2025-09-02T12:50:25.949Z] 🐛 Syncing webex platform for user [object Object]
[2025-09-02T12:50:25.949Z] 🐛 webex sync completed: 21 events
[2025-09-02T12:50:25.949Z] 🐛 Starting sync for google with config: {
  enabled: true,
  lastSync: '2025-09-02T12:45:26.043Z',
  rateLimitRemaining: undefined
}
[2025-09-02T12:50:25.949Z] 🐛 Syncing google platform for user [object Object]
[2025-09-02T12:50:25.949Z] 🐛 google sync completed: 23 events
[2025-09-02T12:50:25.949Z] 🐛 Starting sync for slack with config: {
  enabled: true,
  lastSync: '2025-09-02T12:45:26.043Z',
  rateLimitRemaining: undefined
}
[2025-09-02T12:50:25.949Z] 🐛 Syncing slack platform for user [object Object]
[2025-09-02T12:50:25.949Z] 🐛 slack sync completed: 11 events
[2025-09-02T12:50:26.010Z] 🐛 Collecting all metrics...
[2025-09-02T12:50:26.014Z] 🐛 Metrics collection completed
[2025-09-02T12:50:26.041Z] 🐛 Syncing all calendars
[2025-09-02T12:50:26.041Z] 🐛 Starting sync for zoom with config: {
  enabled: true,
  lastSync: '2025-09-02T12:50:25.949Z',
  rateLimitRemaining: undefined
}
[2025-09-02T12:50:26.042Z] 🐛 Syncing zoom platform for user [object Object]
[2025-09-02T12:50:26.042Z] 🐛 zoom sync completed: 20 events
[2025-09-02T12:50:26.042Z] 🐛 Starting sync for teams with config: {
  enabled: true,
  lastSync: '2025-09-02T12:50:25.949Z',
  rateLimitRemaining: undefined
}
[2025-09-02T12:50:26.043Z] 🐛 Syncing teams platform for user [object Object]
[2025-09-02T12:50:26.043Z] 🐛 teams sync completed: 9 events
[2025-09-02T12:50:26.043Z] 🐛 Starting sync for webex with config: {
  enabled: true,
  lastSync: '2025-09-02T12:50:25.949Z',
  rateLimitRemaining: undefined
}
[2025-09-02T12:50:26.043Z] 🐛 Syncing webex platform for user [object Object]
[2025-09-02T12:50:26.043Z] 🐛 webex sync completed: 11 events
[2025-09-02T12:50:26.043Z] 🐛 Starting sync for google with config: {
  enabled: true,
  lastSync: '2025-09-02T12:50:25.949Z',
  rateLimitRemaining: undefined
}
[2025-09-02T12:50:26.045Z] 🐛 Syncing google platform for user [object Object]
[2025-09-02T12:50:26.046Z] 🐛 google sync completed: 21 events
[2025-09-02T12:50:26.055Z] 🐛 Starting sync for slack with config: {
  enabled: true,
  lastSync: '2025-09-02T12:50:25.949Z',
  rateLimitRemaining: undefined
}
[2025-09-02T12:50:26.055Z] 🐛 Syncing slack platform for user [object Object]
[2025-09-02T12:50:26.055Z] 🐛 slack sync completed: 22 events
[2025-09-02T12:50:26.055Z] 🐛 Performing IoT system health check
[2025-09-02T12:50:26.055Z] 🐛 IoT system health check completed
[2025-09-02T12:50:26.055Z] 🐛 Cleaning up inactive IoT devices
[2025-09-02T12:50:26.055Z] 🐛 IoT device cleanup completed
[2025-09-02T12:55:25.958Z] 🐛 Cleaning up expired bookings
[2025-09-02T12:55:25.961Z] 🐛 Updating availability metrics
[2025-09-02T12:55:25.961Z] 🐛 Availability metrics updated
[2025-09-02T12:55:26.009Z] 🐛 Collecting all metrics...
[2025-09-02T12:55:26.009Z] 🐛 Metrics collection completed
[2025-09-02T12:55:26.040Z] 🐛 Syncing all calendars
[2025-09-02T12:55:26.041Z] 🐛 Starting sync for zoom with config: {
  enabled: true,
  lastSync: '2025-09-02T12:50:26.042Z',
  rateLimitRemaining: undefined
}
[2025-09-02T12:55:26.042Z] 🐛 Syncing zoom platform for user [object Object]
[2025-09-02T12:55:26.042Z] 🐛 zoom sync completed: 17 events
[2025-09-02T12:55:26.042Z] 🐛 Starting sync for teams with config: {
  enabled: true,
  lastSync: '2025-09-02T12:50:26.043Z',
  rateLimitRemaining: undefined
}
[2025-09-02T12:55:26.044Z] 🐛 Syncing teams platform for user [object Object]
[2025-09-02T12:55:26.046Z] 🐛 teams sync completed: 7 events
[2025-09-02T12:55:26.046Z] 🐛 Starting sync for webex with config: {
  enabled: true,
  lastSync: '2025-09-02T12:50:26.043Z',
  rateLimitRemaining: undefined
}
[2025-09-02T12:55:26.046Z] 🐛 Syncing webex platform for user [object Object]
[2025-09-02T12:55:26.046Z] 🐛 webex sync completed: 10 events
[2025-09-02T12:55:26.047Z] 🐛 Starting sync for google with config: {
  enabled: true,
  lastSync: '2025-09-02T12:50:26.055Z',
  rateLimitRemaining: undefined
}
[2025-09-02T12:55:26.049Z] 🐛 Syncing google platform for user [object Object]
[2025-09-02T12:55:26.049Z] 🐛 google sync completed: 9 events
[2025-09-02T12:55:26.049Z] 🐛 Starting sync for slack with config: {
  enabled: true,
  lastSync: '2025-09-02T12:50:26.055Z',
  rateLimitRemaining: undefined
}
[2025-09-02T12:55:26.049Z] 🐛 Syncing slack platform for user [object Object]
[2025-09-02T12:55:26.049Z] 🐛 slack sync completed: 21 events
[2025-09-02T12:55:26.060Z] 🐛 Performing IoT system health check
[2025-09-02T12:55:26.060Z] 🐛 IoT system health check completed
[2025-09-02T12:55:26.060Z] 🐛 Cleaning up inactive IoT devices
[2025-09-02T12:55:26.060Z] 🐛 IoT device cleanup completed
[2025-09-02T13:00:26.010Z] 🐛 Collecting all metrics...
[2025-09-02T13:00:26.027Z] 🐛 Metrics collection completed
[2025-09-02T13:00:26.040Z] 🐛 Syncing all calendars
[2025-09-02T13:00:26.041Z] 🐛 Starting sync for zoom with config: {
  enabled: true,
  lastSync: '2025-09-02T12:55:26.042Z',
  rateLimitRemaining: undefined
}
[2025-09-02T13:00:26.044Z] 🐛 Syncing zoom platform for user [object Object]
[2025-09-02T13:00:26.051Z] 🐛 zoom sync completed: 14 events
[2025-09-02T13:00:26.051Z] 🐛 Starting sync for teams with config: {
  enabled: true,
  lastSync: '2025-09-02T12:55:26.046Z',
  rateLimitRemaining: undefined
}
[2025-09-02T13:00:26.051Z] 🐛 Syncing teams platform for user [object Object]
[2025-09-02T13:00:26.052Z] 🐛 teams sync completed: 13 events
[2025-09-02T13:00:26.052Z] 🐛 Starting sync for webex with config: {
  enabled: true,
  lastSync: '2025-09-02T12:55:26.047Z',
  rateLimitRemaining: undefined
}
[2025-09-02T13:00:26.053Z] 🐛 Syncing webex platform for user [object Object]
[2025-09-02T13:00:26.053Z] 🐛 webex sync completed: 5 events
[2025-09-02T13:00:26.053Z] 🐛 Starting sync for google with config: {
  enabled: true,
  lastSync: '2025-09-02T12:55:26.049Z',
  rateLimitRemaining: undefined
}
[2025-09-02T13:00:26.053Z] 🐛 Syncing google platform for user [object Object]
[2025-09-02T13:00:26.053Z] 🐛 google sync completed: 12 events
[2025-09-02T13:00:26.053Z] 🐛 Starting sync for slack with config: {
  enabled: true,
  lastSync: '2025-09-02T12:55:26.049Z',
  rateLimitRemaining: undefined
}
[2025-09-02T13:00:26.054Z] 🐛 Syncing slack platform for user [object Object]
[2025-09-02T13:00:26.054Z] 🐛 slack sync completed: 17 events
[2025-09-02T13:00:26.079Z] 🐛 Performing IoT system health check
[2025-09-02T13:00:26.080Z] 🐛 IoT system health check completed
[2025-09-02T13:00:26.080Z] 🐛 Cleaning up inactive IoT devices
[2025-09-02T13:00:26.080Z] 🐛 IoT device cleanup completed
[2025-09-02T13:05:25.961Z] 🐛 Cleaning up expired visitors
[2025-09-02T13:05:25.969Z] 🐛 Updating visitor metrics
[2025-09-02T13:05:25.969Z] 🐛 Visitor metrics updated
[2025-09-02T13:05:25.991Z] 🐛 Syncing all calendars
[2025-09-02T13:05:25.991Z] 🐛 Starting sync for zoom with config: {
  enabled: true,
  lastSync: '2025-09-02T13:00:26.051Z',
  rateLimitRemaining: undefined
}
[2025-09-02T13:05:25.993Z] 🐛 Syncing zoom platform for user [object Object]
[2025-09-02T13:05:25.994Z] 🐛 zoom sync completed: 8 events
[2025-09-02T13:05:25.994Z] 🐛 Starting sync for teams with config: {
  enabled: true,
  lastSync: '2025-09-02T13:00:26.052Z',
  rateLimitRemaining: undefined
}
[2025-09-02T13:05:25.994Z] 🐛 Syncing teams platform for user [object Object]
[2025-09-02T13:05:25.994Z] 🐛 teams sync completed: 12 events
[2025-09-02T13:05:25.994Z] 🐛 Starting sync for webex with config: {
  enabled: true,
  lastSync: '2025-09-02T13:00:26.053Z',
  rateLimitRemaining: undefined
}
[2025-09-02T13:05:25.994Z] 🐛 Syncing webex platform for user [object Object]
[2025-09-02T13:05:25.994Z] 🐛 webex sync completed: 19 events
[2025-09-02T13:05:25.994Z] 🐛 Starting sync for google with config: {
  enabled: true,
  lastSync: '2025-09-02T13:00:26.053Z',
  rateLimitRemaining: undefined
}
[2025-09-02T13:05:25.994Z] 🐛 Syncing google platform for user [object Object]
[2025-09-02T13:05:25.995Z] 🐛 google sync completed: 15 events
[2025-09-02T13:05:25.995Z] 🐛 Starting sync for slack with config: {
  enabled: true,
  lastSync: '2025-09-02T13:00:26.054Z',
  rateLimitRemaining: undefined
}
[2025-09-02T13:05:25.995Z] 🐛 Syncing slack platform for user [object Object]
[2025-09-02T13:05:25.995Z] 🐛 slack sync completed: 20 events
[2025-09-02T13:05:26.002Z] 🐛 Cleaning up expired bookings
[2025-09-02T13:05:26.002Z] 🐛 Updating availability metrics
[2025-09-02T13:05:26.002Z] 🐛 Availability metrics updated
[2025-09-02T13:05:26.055Z] 🐛 Collecting all metrics...
[2025-09-02T13:05:26.055Z] 🐛 Metrics collection completed
[2025-09-02T13:05:26.086Z] 🐛 Syncing all calendars
[2025-09-02T13:05:26.086Z] 🐛 Starting sync for zoom with config: {
  enabled: true,
  lastSync: '2025-09-02T13:05:25.994Z',
  rateLimitRemaining: undefined
}
[2025-09-02T13:05:26.086Z] 🐛 Syncing zoom platform for user [object Object]
[2025-09-02T13:05:26.086Z] 🐛 zoom sync completed: 7 events
[2025-09-02T13:05:26.086Z] 🐛 Starting sync for teams with config: {
  enabled: true,
  lastSync: '2025-09-02T13:05:25.994Z',
  rateLimitRemaining: undefined
}
[2025-09-02T13:05:26.086Z] 🐛 Syncing teams platform for user [object Object]
[2025-09-02T13:05:26.086Z] 🐛 teams sync completed: 13 events
[2025-09-02T13:05:26.086Z] 🐛 Starting sync for webex with config: {
  enabled: true,
  lastSync: '2025-09-02T13:05:25.994Z',
  rateLimitRemaining: undefined
}
[2025-09-02T13:05:26.086Z] 🐛 Syncing webex platform for user [object Object]
[2025-09-02T13:05:26.086Z] 🐛 webex sync completed: 15 events
[2025-09-02T13:05:26.087Z] 🐛 Starting sync for google with config: {
  enabled: true,
  lastSync: '2025-09-02T13:05:25.995Z',
  rateLimitRemaining: undefined
}
[2025-09-02T13:05:26.087Z] 🐛 Syncing google platform for user [object Object]
[2025-09-02T13:05:26.087Z] 🐛 google sync completed: 13 events
[2025-09-02T13:05:26.087Z] 🐛 Starting sync for slack with config: {
  enabled: true,
  lastSync: '2025-09-02T13:05:25.995Z',
  rateLimitRemaining: undefined
}
[2025-09-02T13:05:26.087Z] 🐛 Syncing slack platform for user [object Object]
[2025-09-02T13:05:26.087Z] 🐛 slack sync completed: 10 events
[2025-09-02T13:05:26.125Z] 🐛 Performing IoT system health check
[2025-09-02T13:05:26.125Z] 🐛 IoT system health check completed
[2025-09-02T13:05:26.125Z] 🐛 Cleaning up inactive IoT devices
[2025-09-02T13:05:26.125Z] 🐛 IoT device cleanup completed
